Date,Temp1,Temp2,Temp3,Temp4,Temp5,Temp6,TempSet,TempChamber,CS,PSUC1I,PSUC1U,PSUC2I,PSUC2U,Pressure
2025-12-11T15:31:29.0,21.82636,21.59572,22.04921,21.70802,20.88364,21.15356,0.0,20.25,0.0,0.0,0.0,0.0,0.0,993.0
2025-12-11T15:39:54.0,21.15524,20.79865,21.02351,20.66985,21.18358,22.34438,80.0,24.21,1.0,0.3857,3.87,0.1587,25.01,0.00076
2025-12-11T15:48:20.0,26.7666,33.70509,25.76982,27.95662,22.86505,28.47965,80.0,34.28,1.0,0.3826,3.87,0.157,25.01,0.000179
2025-12-11T15:56:45.0,33.33401,38.38409,32.67252,34.85038,25.44849,35.53875,80.0,42.85,1.0,0.3839,3.87,0.1568,25.01,0.000121
2025-12-11T16:05:10.0,39.9043,43.61414,39.44694,41.39487,28.99595,43.19288,80.0,51.35,1.0,0.3826,3.87,0.1566,25.01,9.35e-05
2025-12-11T16:13:36.0,46.53811,49.65322,46.059,47.74068,33.46723,51.16679,80.0,59.82,1.0,0.383,3.87,0.1564,25.01,8.25e-05
2025-12-11T16:22:02.0,53.09884,56.11796,52.56191,54.1721,38.78925,58.99784,80.0,68.25,1.0,0.3831,3.87,0.1561,25.01,7.94e-05
2025-12-11T16:30:27.0,59.6827,62.79695,58.80876,60.16854,44.43737,66.683,80.0,76.8,1.0,0.3834,3.87,0.1559,25.01,0.000141
2025-12-11T16:38:53.0,66.11836,69.31766,65.11383,66.34809,50.78786,73.40948,80.0,80.58,1.0,0.384,3.87,0.1557,25.01,0.000148
2025-12-11T16:47:18.0,71.49305,73.75041,71.3943,72.09849,56.71681,76.33781,80.0,80.23,1.0,0.3838,3.87,0.1555,25.01,0.000144
2025-12-11T16:55:44.0,76.02779,76.72105,77.07528,77.01256,61.75693,77.74603,80.0,80.12,1.0,0.3836,3.87,0.1553,25.01,0.000134
2025-12-11T17:04:09.0,79.839,78.87423,82.26835,81.66733,65.92324,78.57625,80.0,80.08,1.0,0.3834,3.87,0.1552,25.01,0.000123
2025-12-11T17:12:35.0,83.01652,80.49877,86.6951,85.46532,69.22359,79.04945,80.0,80.06,1.0,0.3832,3.87,0.155,25.01,0.000111
2025-12-11T17:21:00.0,85.67582,81.7616,90.4326,88.56716,71.9503,79.43358,80.0,80.03,1.0,0.3831,3.87,0.1549,25.01,0.000102
2025-12-11T17:29:26.0,87.92976,82.79942,93.63097,91.01964,74.15168,79.72095,80.0,80.03,1.0,0.3829,3.87,0.1548,25.01,9.17e-05
2025-12-11T17:37:51.0,89.82313,83.62466,96.5161,93.37088,75.94537,79.93802,80.0,80.02,1.0,0.3827,3.87,0.1548,25.01,8.4e-05
2025-12-11T17:46:16.0,91.30367,84.22341,98.88596,95.01865,77.28929,80.03729,80.0,80.02,1.0,0.3826,3.87,0.1547,25.01,7.7e-05
2025-12-11T17:54:42.0,92.69587,84.80707,100.8532,96.31492,78.56705,80.25692,80.0,80.01,1.0,0.3825,3.87,0.1547,25.01,5.28e-05
2025-12-11T18:03:07.0,93.74234,85.1994,102.4453,97.32381,79.46255,80.34667,80.0,80.02,1.0,0.3824,3.87,0.1546,25.01,4.72e-05
2025-12-11T18:11:33.0,94.65794,85.55629,103.8099,98.24146,80.22182,80.45488,80.0,80.01,1.0,0.3823,3.87,0.1546,25.01,4.58e-05
2025-12-11T18:19:58.0,95.42477,85.83168,105.1596,99.50902,80.86592,80.51543,80.0,80.01,1.0,0.3822,3.87,0.1546,25.01,4.42e-05
2025-12-11T18:28:24.0,96.03777,86.05351,105.9731,99.86383,81.34016,80.58186,80.0,80.0,1.0,0.3821,3.87,0.1545,25.01,4.18e-05
2025-12-11T18:36:49.0,96.57179,86.22286,106.7999,100.5377,81.7484,80.61027,80.0,80.01,1.0,0.382,3.87,0.1545,25.01,4.03e-05
2025-12-11T18:45:14.0,97.00473,86.37335,107.633,101.3745,82.03404,80.62076,80.0,80.0,1.0,0.382,3.87,0.1545,25.01,3.71e-05
2025-12-11T18:53:39.0,97.33326,86.47348,108.1929,101.8632,82.30325,80.66247,80.0,80.0,1.0,0.3819,3.87,0.1545,25.01,3.56e-05
2025-12-11T19:02:05.0,97.6599,86.59557,108.6663,102.2185,82.51994,80.70645,80.0,80.0,1.0,0.3818,3.87,0.1545,25.01,3.53e-05
2025-12-11T19:10:30.0,97.90341,86.66067,109.0929,102.5788,82.64683,80.69443,80.0,80.01,1.0,0.3818,3.87,0.1545,25.01,3.31e-05
2025-12-11T19:18:55.0,98.09299,86.7175,109.2286,102.4584,82.8192,80.74518,80.0,80.01,1.0,0.3817,3.87,0.1545,25.01,3.19e-05
2025-12-11T19:27:21.0,98.2752,86.7728,109.491,102.6739,82.95595,80.7803,80.0,80.0,1.0,0.3817,3.87,0.1545,25.01,3.12e-05
2025-12-11T19:35:47.0,98.4578,86.83396,109.7988,103.0096,83.05771,80.78921,80.0,80.0,1.0,0.3816,3.87,0.1545,25.01,2.93e-05
2025-12-11T19:44:12.0,98.62165,86.87819,109.9536,103.2483,83.11166,80.78965,80.0,80.0,1.0,0.3815,3.87,0.1544,25.01,2.85e-05
2025-12-11T19:52:38.0,98.65431,86.8543,110.0726,103.3181,83.10669,80.77446,80.0,80.01,1.0,0.3815,3.87,0.1544,25.01,2.89e-05
2025-12-11T20:01:03.0,98.75241,86.90535,110.1531,103.2375,83.15623,80.77809,80.0,80.01,1.0,0.3814,3.87,0.1544,25.01,2.68e-05
2025-12-11T20:09:29.0,98.86659,86.95605,110.2615,103.3072,83.18271,80.77412,80.0,79.99,1.0,0.3814,3.87,0.1544,25.01,2.88e-05
2025-12-11T20:17:54.0,98.94729,86.96509,110.3297,103.3999,83.22499,80.7929,80.0,80.0,1.0,0.3814,3.87,0.1544,25.01,2.8e-05
2025-12-11T20:26:20.0,98.96448,86.94847,110.4415,103.5627,83.21599,80.77927,80.0,80.0,1.0,0.3813,3.87,0.1544,25.01,2.67e-05
2025-12-11T20:34:45.0,99.03654,86.72317,110.4834,103.5042,83.28377,80.80677,80.0,79.99,1.0,0.3813,3.87,0.1544,25.01,2.38e-05
2025-12-11T20:43:10.0,99.06578,86.67525,110.5371,103.5841,83.31076,80.82314,80.0,80.0,1.0,0.3813,3.87,0.1544,25.01,2.32e-05
2025-12-11T20:51:36.0,99.12937,86.72182,110.6291,103.6588,83.35181,80.84524,80.0,80.0,1.0,0.3814,3.87,0.1544,25.01,2.27e-05
2025-12-11T21:00:01.0,99.18509,86.73927,110.7223,103.8275,83.36352,80.84636,80.0,80.0,1.0,0.3814,3.87,0.1544,25.01,2.5e-05
2025-12-11T21:08:27.0,99.16883,86.72644,110.6717,103.6119,83.3567,80.8426,80.0,80.0,1.0,0.3814,3.87,0.1544,25.01,2.47e-05
2025-12-11T21:16:52.0,99.25919,86.76528,110.8262,103.9528,83.37246,80.8374,80.0,80.0,1.0,0.3815,3.87,0.1544,25.01,2.1e-05
2025-12-11T21:25:17.0,99.25156,86.72225,110.778,103.8918,83.38255,80.85523,80.0,80.01,1.0,0.3816,3.87,0.1544,25.01,2.05e-05
2025-12-11T21:33:42.0,99.29139,86.73998,110.8333,103.9198,83.41071,80.87323,80.0,80.01,1.0,0.3819,3.87,0.1544,25.01,2.01e-05
2025-12-11T21:42:08.0,99.34826,86.75994,110.8438,103.9005,83.40324,80.86066,80.0,80.01,1.0,0.3822,3.87,0.1544,25.01,1.96e-05
2025-12-11T21:50:33.0,99.36886,86.775,110.9196,104.0239,83.43836,80.86469,80.0,80.0,1.0,0.3823,3.87,0.1544,25.01,1.92e-05
2025-12-11T21:58:59.0,99.38605,86.76735,110.914,103.9615,83.44112,80.87532,80.0,80.01,1.0,0.3824,3.87,0.1544,25.01,2.18e-05
2025-12-11T22:07:24.0,99.35641,86.73824,110.8844,103.8736,83.41493,80.86866,80.0,80.01,1.0,0.3824,3.87,0.1544,25.01,1.84e-05
2025-12-11T22:15:50.0,99.44756,86.7902,110.8829,103.8453,83.41147,80.86243,80.0,80.01,1.0,0.3824,3.87,0.1544,25.01,1.81e-05
2025-12-11T22:24:15.0,99.42175,86.77568,110.9187,103.8828,83.44222,80.87503,80.0,80.0,1.0,0.3824,3.87,0.1544,25.01,1.78e-05
2025-12-11T22:32:40.0,99.46306,86.81474,110.9094,103.8164,83.42111,80.86161,80.0,80.0,1.0,0.3825,3.87,0.1544,25.01,1.75e-05
2025-12-11T22:41:06.0,99.50228,86.81379,111.0436,104.0484,83.46339,80.87752,80.0,80.0,1.0,0.3825,3.87,0.1544,25.01,1.71e-05
2025-12-11T22:49:31.0,99.53108,86.84192,111.0521,104.0242,83.43977,80.8646,80.0,80.0,1.0,0.3826,3.87,0.1544,25.01,1.68e-05
2025-12-11T22:57:57.0,99.48602,86.79468,111.0692,104.0669,83.46004,80.88741,80.0,80.0,1.0,0.3826,3.87,0.1544,25.01,1.65e-05
2025-12-11T23:06:22.0,99.5343,86.80372,111.0247,103.9984,83.48937,80.90499,80.0,80.0,1.0,0.3827,3.87,0.1544,25.01,1.63e-05
2025-12-11T23:14:47.0,99.51178,86.79387,110.9843,103.8999,83.48752,80.90521,80.0,80.01,1.0,0.3827,3.87,0.1544,25.01,1.6e-05
2025-12-11T23:23:13.0,99.54038,86.80782,111.0568,104.0462,83.48483,80.90391,80.0,80.0,1.0,0.3826,3.87,0.1544,25.01,1.58e-05
2025-12-11T23:31:39.0,99.58436,86.83428,111.1311,104.1244,83.48798,80.90621,80.0,80.01,1.0,0.3826,3.87,0.1544,25.01,1.56e-05
2025-12-11T23:40:04.0,99.55856,86.83069,111.1009,104.0827,83.50919,80.90911,80.0,80.0,1.0,0.3826,3.87,0.1544,25.01,1.54e-05
2025-12-11T23:48:29.0,99.60224,86.84537,111.0971,104.0175,83.49658,80.91836,80.0,80.0,1.0,0.3826,3.87,0.1544,25.01,1.52e-05
2025-12-11T23:56:55.0,99.61582,86.86782,111.0856,103.9949,83.45975,80.88363,80.0,80.0,1.0,0.3826,3.87,0.1544,25.01,1.5e-05
2025-12-12T00:05:20.0,99.59412,86.85315,111.1225,104.0251,83.45116,80.88439,80.0,80.0,1.0,0.3825,3.87,0.1544,25.01,1.48e-05
2025-12-12T00:13:46.0,99.63485,86.87443,111.1778,104.1463,83.50764,80.9092,80.0,80.0,1.0,0.3825,3.87,0.1544,25.01,1.45e-05
2025-12-12T00:22:11.0,99.62836,86.85813,111.1573,104.1303,83.49487,80.89561,80.0,80.0,1.0,0.3825,3.87,0.1544,25.01,1.43e-05
2025-12-12T00:30:37.0,99.6036,86.83901,111.0828,103.9214,83.49005,80.89981,80.0,80.0,1.0,0.3825,3.87,0.1544,25.01,1.42e-05
2025-12-12T00:39:02.0,99.64268,86.87032,111.1634,104.1045,83.49668,80.8923,80.0,79.99,1.0,0.3825,3.87,0.1544,25.01,1.4e-05
2025-12-12T00:47:27.0,99.59607,86.84749,111.0721,103.8826,83.48967,80.8902,80.0,80.0,1.0,0.3825,3.87,0.1544,25.01,1.38e-05
2025-12-12T00:55:52.0,99.60947,86.83578,111.1804,104.1472,83.53874,80.90929,80.0,80.0,1.0,0.3825,3.87,0.1544,25.01,1.35e-05
2025-12-12T01:04:18.0,99.66032,86.86959,111.2052,104.2001,83.52968,80.90312,80.0,80.0,1.0,0.3825,3.87,0.1544,25.01,1.34e-05
2025-12-12T01:12:43.0,99.65458,86.86561,111.1928,104.1504,83.48614,80.87278,80.0,80.0,1.0,0.3825,3.87,0.1544,25.01,1.34e-05
2025-12-12T01:21:08.0,99.66852,86.87306,111.1975,104.163,83.49065,80.87935,80.0,80.01,1.0,0.3825,3.87,0.1544,25.01,1.32e-05
2025-12-12T01:29:34.0,99.68731,86.89027,111.2138,104.1858,83.49967,80.89345,80.0,80.01,1.0,0.3824,3.87,0.1544,25.01,1.3e-05
2025-12-12T01:38:00.0,99.69395,86.88104,111.228,104.257,83.50826,80.90278,80.0,80.0,1.0,0.3824,3.87,0.1544,25.01,1.29e-05
2025-12-12T01:46:25.0,99.68929,86.89158,111.2135,104.1455,83.4719,80.87116,80.0,80.01,1.0,0.3824,3.87,0.1544,25.01,1.28e-05
2025-12-12T01:54:50.0,99.69659,86.88608,111.2018,104.1542,83.47872,80.87916,80.0,80.0,1.0,0.3824,3.87,0.1544,25.01,1.27e-05
2025-12-12T02:03:16.0,99.66339,86.88162,111.1581,104.0164,83.49117,80.88358,80.0,80.0,1.0,0.3824,3.87,0.1544,25.01,1.26e-05
2025-12-12T02:11:41.0,99.66899,86.85296,111.1785,104.0708,83.4987,80.9001,80.0,80.01,1.0,0.3823,3.87,0.1544,25.01,1.29e-05
2025-12-12T02:20:07.0,99.57179,86.78605,111.1779,104.1006,83.51677,80.91019,80.0,80.0,1.0,0.3824,3.87,0.1544,25.01,1.26e-05
2025-12-12T02:28:32.0,99.68456,86.86299,111.2056,104.141,83.51694,80.91504,80.0,80.01,1.0,0.3823,3.87,0.1544,25.01,1.27e-05
2025-12-12T02:36:58.0,99.46248,86.661,111.158,104.0585,83.42532,80.03242,-20.0,77.77,1.0,0.3824,3.87,0.1544,25.01,1.21e-05
2025-12-12T02:45:23.0,97.99866,83.90858,110.9963,103.287,82.23933,74.18484,-20.0,67.74,1.0,0.3826,3.87,0.1544,25.01,1.12e-05
2025-12-12T02:53:48.0,95.7826,79.43132,110.302,101.6956,79.9013,66.85297,-20.0,59.24,1.0,0.383,3.87,0.1545,25.01,9.85e-06
2025-12-12T03:02:14.0,92.89397,74.02388,109.0171,99.55489,76.47298,59.04092,-20.0,51.04,1.0,0.3843,3.87,0.1546,25.01,8.46e-06
2025-12-12T03:10:39.0,89.47035,68.16335,107.0429,96.85238,72.0771,50.41394,-20.0,41.73,1.0,0.3849,3.87,0.1548,25.01,7.19e-06
2025-12-12T03:19:05.0,85.79018,62.12178,104.5741,93.74605,66.99048,41.98742,-20.0,33.58,1.0,0.385,3.87,0.1549,25.01,6.18e-06
2025-12-12T03:27:30.0,81.83911,55.87002,101.6217,90.16104,61.34937,33.6114,-20.0,24.88,1.0,0.3851,3.87,0.155,25.01,5.98e-06
2025-12-12T03:35:55.0,77.67485,49.42884,98.41065,86.46926,55.21626,25.30726,-20.0,16.19,1.0,0.3854,3.87,0.1552,25.01,5.02e-06
2025-12-12T03:44:21.0,73.40418,42.9091,94.83023,82.40517,48.65803,17.37781,-20.0,8.31,1.0,0.3856,3.87,0.1554,25.01,4.54e-06
2025-12-12T03:52:46.0,69.09868,36.3749,91.07002,78.25245,41.76252,9.484228,-20.0,1.12,1.0,0.3854,3.87,0.1556,25.01,4.27e-06
2025-12-12T04:01:12.0,64.60666,29.6389,87.16583,74.04082,34.51289,0.8788386,-20.0,-8.08,1.0,0.386,3.87,0.1558,25.01,3.58e-06
2025-12-12T04:09:37.0,60.23427,23.11872,83.20292,69.87725,27.11288,-6.973806,-20.0,-15.54,1.0,0.3862,3.87,0.156,25.01,3.17e-06
2025-12-12T04:18:03.0,56.28187,17.42881,79.36575,66.02123,20.00481,-12.98896,-20.0,-20.11,1.0,0.3863,3.87,0.1561,25.01,2.83e-06
2025-12-12T04:26:28.0,52.86311,12.94412,75.66456,62.43541,13.56703,-16.22649,-20.0,-21.01,1.0,0.386,3.87,0.1563,25.01,2.56e-06
2025-12-12T04:34:53.0,50.07575,10.11809,72.32219,59.59813,8.240793,-17.0752,-20.0,-19.99,1.0,0.3862,3.87,0.1564,25.01,2.28e-06
2025-12-12T04:43:19.0,47.54954,8.136161,69.15001,56.81177,3.785898,-17.34177,-20.0,-20.26,1.0,0.3865,3.87,0.1565,25.01,2.1e-06
2025-12-12T04:51:44.0,45.28667,6.560233,66.33929,54.40709,0.09081661,-17.66744,-20.0,-19.89,1.0,0.3866,3.87,0.1566,25.01,1.9e-06
2025-12-12T05:00:10.0,43.36209,5.384727,63.73017,52.10446,-2.710267,-17.71237,-20.0,-20.34,1.0,0.3867,3.87,0.1567,25.01,1.81e-06
2025-12-12T05:08:35.0,41.75905,4.486405,61.55205,50.19042,-4.952884,-17.52133,-20.0,-19.98,1.0,0.3868,3.87,0.1568,25.01,1.41e-06
2025-12-12T05:17:01.0,40.3094,3.715949,59.68128,48.59982,-6.752284,-17.71335,-20.0,-19.71,1.0,0.3869,3.87,0.1568,25.01,1.36e-06
2025-12-12T05:25:26.0,38.97246,3.012025,57.96022,47.23238,-8.269592,-17.89648,-20.0,-20.22,1.0,0.387,3.87,0.1569,25.01,1.3e-06
2025-12-12T05:33:51.0,37.95849,2.567282,56.50823,45.92685,-9.351714,-17.70141,-20.0,-19.93,1.0,0.3871,3.87,0.1569,25.01,1.27e-06
2025-12-12T05:42:17.0,36.93227,2.084772,55.19944,44.80894,-10.35862,-18.0649,-20.0,-19.89,1.0,0.3871,3.87,0.1569,25.01,1.23e-06
2025-12-12T05:50:42.0,36.11337,1.730325,54.09008,43.8666,-11.03922,-17.9883,-20.0,-20.32,1.0,0.3871,3.87,0.157,25.01,1.25e-06
2025-12-12T05:59:08.0,35.37479,1.413265,53.05024,42.91984,-11.72252,-17.99523,-20.0,-19.8,1.0,0.3872,3.87,0.157,25.01,1.2e-06
2025-12-12T06:07:34.0,34.71211,1.145524,52.14181,41.93614,-12.12651,-17.98843,-20.0,-20.21,1.0,0.3871,3.87,0.157,25.01,1.18e-06
2025-12-12T06:15:59.0,34.16796,0.9127762,51.46813,41.52153,-12.51769,-17.92204,-20.0,-19.8,1.0,0.3871,3.87,0.157,25.01,1.16e-06
2025-12-12T06:24:25.0,33.6563,0.7219307,50.79483,40.8069,-12.82925,-18.21199,-20.0,-20.09,1.0,0.3872,3.87,0.157,25.01,1.16e-06
2025-12-12T06:32:50.0,33.35296,0.6197278,50.33574,40.59251,-13.0831,-17.96183,-20.0,-20.16,1.0,0.3872,3.87,0.1571,25.01,1.14e-06
2025-12-12T06:41:16.0,32.96671,0.4355784,49.87322,40.18705,-13.26906,-18.06479,-20.0,-20.33,1.0,0.3872,3.87,0.1571,25.01,1.1e-06
2025-12-12T06:49:41.0,32.6842,0.3666913,49.52496,39.95635,-13.40986,-17.95678,-20.0,-19.8,1.0,0.3872,3.87,0.1571,25.01,1.09e-06
2025-12-12T06:58:06.0,32.34274,0.2294519,49.11408,39.5013,-13.56973,-18.25619,-20.0,-20.01,1.0,0.3872,3.87,0.1571,25.01,1.08e-06
2025-12-12T07:06:32.0,32.14667,0.1460433,48.79401,39.21023,-13.6945,-18.1745,-20.0,-20.01,1.0,0.3872,3.87,0.1571,25.01,1.05e-06
2025-12-12T07:14:57.0,32.04074,0.1460885,48.62562,39.14258,-13.77955,-18.03429,-20.0,-20.11,1.0,0.3872,3.87,0.1571,25.01,1.07e-06
2025-12-12T07:23:22.0,31.92205,0.09890089,48.43507,39.06521,-13.81635,-17.9529,-20.0,-19.93,1.0,0.3872,3.87,0.1571,25.01,1.05e-06
2025-12-12T07:31:47.0,31.77882,0.0446755,48.20408,38.83292,-13.87034,-18.17973,-20.0,-19.93,1.0,0.3872,3.87,0.1571,25.01,1.04e-06
2025-12-12T07:40:13.0,31.63615,0.003457745,48.04696,38.6575,-13.93877,-18.30371,-20.0,-20.15,1.0,0.3872,3.87,0.1571,25.01,1.02e-06
2025-12-12T07:48:38.0,31.4457,-0.08643157,47.83173,38.3817,-13.98743,-18.1007,-20.0,-20.12,1.0,0.3872,3.87,0.1571,25.01,1.03e-06
2025-12-12T07:57:03.0,31.42515,-0.09362318,47.73594,38.3489,-13.9935,-18.1364,-20.0,-20.04,1.0,0.3872,3.87,0.1571,25.01,1.02e-06
2025-12-12T08:05:29.0,31.3839,-0.07423852,47.67291,38.35012,-14.00673,-17.94451,-20.0,-19.99,1.0,0.3872,3.87,0.1571,25.01,1.01e-06
2025-12-12T08:13:54.0,31.33275,-0.08073814,47.61437,38.37797,-14.02674,-18.17204,-20.0,-19.93,1.0,0.3872,3.87,0.1571,25.01,1e-06
2025-12-12T08:22:19.0,31.21441,-0.1272712,47.55387,38.30541,-14.08828,-18.00711,-20.0,-20.04,1.0,0.3871,3.87,0.1571,25.01,9.93e-07
2025-12-12T08:30:45.0,31.19222,-0.141108,47.45988,38.21189,-14.09049,-18.22451,-20.0,-19.94,1.0,0.3872,3.87,0.1571,25.01,9.89e-07
2025-12-12T08:39:10.0,31.16007,-0.1446007,47.42274,38.22131,-14.09894,-18.07912,-20.0,-20.08,1.0,0.3872,3.87,0.1571,25.01,9.83e-07
2025-12-12T08:47:35.0,31.12439,-0.1417737,47.34281,38.00987,-14.11041,-18.02086,-20.0,-19.74,1.0,0.3872,3.87,0.1571,25.01,9.74e-07
2025-12-12T08:56:00.0,31.00782,-0.2211869,47.28926,38.02275,-14.11923,-18.20181,-20.0,-20.04,1.0,0.3872,3.87,0.1571,25.01,9.71e-07
2025-12-12T09:04:26.0,30.94046,-0.2496418,47.2036,37.84439,-14.15284,-18.12258,-20.0,-20.2,1.0,0.3872,3.87,0.1571,25.01,9.66e-07
2025-12-12T09:12:51.0,30.96268,-0.2256251,47.30788,38.06583,-14.21957,-18.05477,-20.0,-19.88,1.0,0.3872,3.87,0.1571,25.01,9.61e-07
2025-12-12T09:21:16.0,30.93685,-0.2513498,47.17641,37.84571,-14.16208,-18.19123,-20.0,-20.08,1.0,0.3872,3.87,0.1571,25.01,9.54e-07
2025-12-12T09:29:41.0,30.97438,-0.2125488,47.22149,38.03571,-14.14974,-18.01241,-20.0,-20.0,1.0,0.3872,3.87,0.1571,25.01,9.49e-07
2025-12-12T09:38:07.0,30.94612,-0.2160864,47.18303,37.88942,-14.15989,-18.02799,-20.0,-20.03,1.0,0.3872,3.87,0.1571,25.01,9.44e-07
2025-12-12T09:46:32.0,30.88212,-0.2789797,47.06845,37.76284,-14.16218,-18.20934,-20.0,-20.0,1.0,0.3872,3.87,0.1571,25.01,9.47e-07
2025-12-12T09:54:57.0,30.87497,-0.2723543,47.10532,37.78783,-14.1487,-18.10031,-20.0,-20.2,1.0,0.3872,3.87,0.1571,25.01,9.44e-07
2025-12-12T10:03:23.0,30.92297,-0.2106502,47.11363,37.83026,-14.16788,-18.01007,-20.0,-20.07,1.0,0.3872,3.87,0.1571,25.01,9.32e-07
2025-12-12T10:11:48.0,30.89971,-0.2253513,47.14955,37.90121,-14.17284,-18.01379,-20.0,-20.01,1.0,0.3872,3.87,0.1571,25.01,9.29e-07
2025-12-12T10:20:14.0,30.90482,-0.2190687,47.12004,37.89268,-14.18025,-18.2129,-20.0,-19.95,1.0,0.3872,3.87,0.1571,25.01,9.31e-07
2025-12-12T10:28:39.0,30.87072,-0.2568759,47.03314,37.76751,-14.18174,-18.26781,-20.0,-20.25,1.0,0.3873,3.87,0.1571,25.01,9.21e-07
2025-12-12T10:37:05.0,30.89686,-0.243964,47.0978,37.88856,-14.1778,-18.09738,-20.0,-20.19,1.0,0.3873,3.87,0.1571,25.01,9.2e-07
2025-12-12T10:45:30.0,30.90823,-0.2036933,47.11585,37.89554,-14.16474,-18.01276,-20.0,-19.88,1.0,0.3873,3.87,0.1571,25.01,9.14e-07
2025-12-12T10:53:56.0,30.88078,-0.2328522,47.10805,37.91105,-14.20045,-18.10848,-20.0,-20.15,1.0,0.3873,3.87,0.1571,25.01,9.16e-07
2025-12-12T11:02:21.0,30.88966,-0.257383,47.09374,37.91145,-14.13916,-18.20618,-20.0,-19.87,1.0,0.3873,3.87,0.1571,25.009,9.12e-07
2025-12-12T11:10:46.0,30.62918,-0.4416697,47.14154,38.08775,-14.437,-18.42641,-20.0,-20.06,1.0,0.3873,3.87,0.1571,25.01,8.93e-07
2025-12-12T11:19:12.0,30.72526,-0.3613819,47.05875,37.90274,-14.28764,-18.28641,-20.0,-20.02,1.0,0.3873,3.87,0.1571,25.01,8.89e-07
2025-12-12T11:27:37.0,30.86241,-0.2660091,47.12237,37.94791,-14.1281,-18.065,-20.0,-20.16,1.0,0.3873,3.87,0.1571,25.01,8.95e-07
2025-12-12T11:36:02.0,30.91742,-0.2169193,47.14128,37.98272,-14.1333,-17.98719,-20.0,-20.1,1.0,0.3873,3.87,0.1571,25.01,8.88e-07
2025-12-12T11:44:28.0,30.86713,-0.2476216,47.06626,37.83977,-14.13141,-17.92571,-20.0,-19.96,1.0,0.3873,3.87,0.1571,25.01,8.86e-07
2025-12-12T11:52:53.0,30.66718,-0.4142441,47.07238,37.96131,-14.39517,-18.44331,-20.0,-20.29,1.0,0.3873,3.87,0.1571,25.01,8.84e-07
2025-12-12T12:01:19.0,30.75711,-0.3310581,47.02359,37.75893,-14.27988,-18.12744,-20.0,-20.11,1.0,0.3873,3.87,0.1571,25.01,8.8e-07
2025-12-12T12:09:44.0,30.83195,-0.2540374,47.04901,37.71555,-14.14834,-18.23446,-20.0,-20.11,1.0,0.3872,3.87,0.1571,25.01,8.77e-07
2025-12-12T12:18:10.0,30.81977,-0.2900155,46.99061,37.7014,-14.19151,-18.1425,-20.0,-20.2,1.0,0.3872,3.87,0.1571,25.01,8.74e-07
2025-12-12T12:26:35.0,30.87358,-0.2528381,47.09445,37.92534,-14.17002,-18.14958,-20.0,-19.85,1.0,0.387,3.87,0.1571,25.01,8.72e-07
2025-12-12T12:35:00.0,30.85893,-0.2582876,47.06023,37.84765,-14.17429,-18.01109,-20.0,-19.96,1.0,0.387,3.87,0.1571,25.01,8.69e-07
2025-12-12T12:43:26.0,30.81834,-0.2603122,47.02637,37.67274,-14.1603,-17.95794,-20.0,-19.88,1.0,0.387,3.87,0.1571,25.01,8.67e-07
2025-12-12T12:51:51.0,30.88089,-0.2327254,47.1394,37.99173,-14.14155,-18.0101,-20.0,-19.9,1.0,0.387,3.87,0.1571,25.01,8.63e-07
2025-12-12T13:00:16.0,30.86822,-0.2320628,47.08712,37.84845,-14.15387,-18.19698,-20.0,-20.21,1.0,0.387,3.87,0.1571,25.01,8.61e-07
2025-12-12T13:08:41.0,30.87669,-0.2286859,47.07682,37.867,-14.19103,-18.07575,-20.0,-20.13,1.0,0.387,3.87,0.1571,25.01,8.6e-07
2025-12-12T13:17:07.0,30.8264,-0.2602982,47.00844,37.74485,-14.18122,-17.97021,-20.0,-19.95,1.0,0.387,3.87,0.1571,25.01,8.58e-07
2025-12-12T13:25:32.0,30.86143,-0.2474985,47.0538,37.90599,-14.14563,-18.10184,-20.0,-19.72,1.0,0.387,3.87,0.1571,25.01,8.57e-07
2025-12-12T13:33:58.0,30.72505,-0.3318153,47.01832,37.82222,-14.3413,-18.2673,-20.0,-20.1,1.0,0.3869,3.87,0.1571,25.01,8.55e-07
2025-12-12T13:42:23.0,30.84784,-0.2468903,47.0552,37.87586,-14.1798,-18.04034,-20.0,-20.1,1.0,0.3869,3.87,0.1571,25.01,8.51e-07
2025-12-12T13:50:49.0,30.81242,-0.2739461,47.00458,37.74258,-14.14412,-17.96625,-20.0,-19.74,1.0,0.387,3.87,0.1571,25.01,8.46e-07
2025-12-12T13:59:15.0,30.78391,-0.2985844,47.05314,37.89921,-14.2159,-18.3249,-20.0,-20.32,1.0,0.3869,3.87,0.1571,25.01,8.47e-07
2025-12-12T14:07:40.0,30.79427,-0.3013169,47.05141,37.91049,-14.22203,-18.14838,-20.0,-20.29,1.0,0.3869,3.87,0.1571,25.01,8.44e-07
2025-12-12T14:16:05.0,30.8541,-0.236727,47.02557,37.76535,-14.12904,-17.95933,-20.0,-19.84,1.0,0.3869,3.87,0.1571,25.01,8.4e-07
2025-12-12T14:24:31.0,30.95125,-0.132659,47.14878,38.0541,-14.00721,-17.35259,70.0,-18.48,1.0,0.3869,3.87,0.1571,25.01,8.41e-07
2025-12-12T14:32:56.0,31.94732,1.706492,47.48952,38.62272,-12.73536,-12.25857,70.0,-9.37,1.0,0.3863,3.87,0.1571,25.01,8.55e-07
2025-12-12T14:41:21.0,33.32517,5.213215,47.89008,39.37812,-10.32222,-5.202366,70.0,-0.51,1.0,0.3865,3.87,0.1571,25.01,8.8e-07
2025-12-12T14:49:47.0,35.13584,9.772777,48.60747,40.79516,-6.817428,2.304457,70.0,8.09,1.0,0.3862,3.87,0.157,25.01,9.2e-07
2025-12-12T14:58:12.0,37.32956,15.03981,49.68346,42.61025,-2.327658,10.05506,70.0,16.55,1.0,0.386,3.87,0.1569,25.01,1e-06
2025-12-12T15:06:37.0,40.05812,20.88564,51.13139,44.76094,3.085538,17.92141,70.0,25.01,1.0,0.3861,3.87,0.1568,25.01,1.12e-06
2025-12-12T15:15:03.0,43.13504,26.94186,52.93889,47.18315,8.767192,25.72983,70.0,33.46,1.0,0.3859,3.87,0.1566,25.01,1.27e-06
2025-12-12T15:23:28.0,46.63349,33.24888,55.19179,49.90512,15.09817,33.58751,70.0,41.87,1.0,0.386,3.87,0.1565,25.01,1.5e-06
2025-12-12T15:31:53.0,50.66061,39.83898,57.91029,53.25435,21.66478,41.60467,70.0,50.29,1.0,0.3857,3.87,0.1563,25.01,1.79e-06
2025-12-12T15:40:19.0,55.02803,46.54795,61.15729,57.17549,28.27975,49.58384,70.0,58.73,1.0,0.3852,3.87,0.1561,25.01,2.19e-06
2025-12-12T15:48:44.0,59.8043,53.42811,64.74697,61.30246,34.75354,57.62572,70.0,67.16,1.0,0.3863,3.87,0.1559,25.01,2.75e-06
2025-12-12T15:57:10.0,64.53482,59.93828,68.60207,65.43247,40.51248,63.95081,70.0,70.63,1.0,0.3869,3.87,0.1557,25.01,3.53e-06
2025-12-12T16:05:35.0,68.59054,64.3752,72.71637,69.41978,45.78685,66.75986,70.0,70.24,1.0,0.3871,3.87,0.1555,25.01,3.98e-06
2025-12-12T16:14:01.0,72.13797,67.39354,76.74821,73.19368,51.1559,68.183,70.0,70.12,1.0,0.3872,3.87,0.1554,25.01,4.5e-06
2025-12-12T16:22:26.0,75.21154,69.59566,80.46612,76.47157,55.71421,68.89199,70.0,70.08,1.0,0.3871,3.87,0.1552,25.01,4.92e-06
2025-12-12T16:30:51.0,77.81129,71.23171,83.8934,79.60406,59.35743,69.37889,70.0,70.05,1.0,0.387,3.87,0.1551,25.01,5.36e-06
2025-12-12T16:39:17.0,80.0563,72.54964,86.97382,82.36068,62.17467,69.68428,70.0,70.04,1.0,0.387,3.87,0.155,25.01,5.62e-06
2025-12-12T16:47:43.0,82.01571,73.58253,89.56063,84.52744,64.5268,69.95105,70.0,70.03,1.0,0.3869,3.87,0.1549,25.01,5.89e-06
2025-12-12T16:56:08.0,83.63824,74.39365,91.92515,86.63113,66.38677,70.16286,70.0,70.03,1.0,0.3868,3.87,0.1549,25.01,6.11e-06
2025-12-12T17:04:33.0,85.02711,75.03499,93.90626,88.31503,67.80379,70.26938,70.0,70.01,1.0,0.3868,3.87,0.1548,25.01,6.27e-06
2025-12-12T17:12:59.0,86.20206,75.55281,95.55681,89.64593,68.99029,70.39118,70.0,70.01,1.0,0.3868,3.87,0.1548,25.01,6.41e-06
2025-12-12T17:21:24.0,87.18226,75.98484,97.03941,90.96668,70.00206,70.52998,70.0,70.03,1.0,0.3867,3.87,0.1548,25.01,6.5e-06
2025-12-12T17:29:50.0,87.98895,76.30275,98.22508,91.87405,70.73934,70.57653,70.0,70.0,1.0,0.3867,3.87,0.1547,25.01,6.57e-06
2025-12-12T17:38:15.0,88.71436,76.60457,99.33253,92.89151,71.35214,70.63832,70.0,70.0,1.0,0.3867,3.87,0.1547,25.01,6.63e-06
2025-12-12T17:46:40.0,89.28663,76.81699,100.0968,93.41687,71.8454,70.68527,70.0,70.0,1.0,0.3867,3.87,0.1547,25.01,6.66e-06
2025-12-12T17:55:06.0,89.74625,76.99169,100.7575,93.87847,72.22339,70.71673,70.0,70.0,1.0,0.3867,3.87,0.1547,25.01,6.67e-06
2025-12-12T18:03:31.0,90.15285,77.13838,101.4177,94.53017,72.58667,70.77983,70.0,70.0,1.0,0.3866,3.87,0.1547,25.01,6.69e-06
2025-12-12T18:11:57.0,90.46263,77.25585,101.9087,94.87708,72.82468,70.78917,70.0,70.0,1.0,0.3866,3.87,0.1547,25.01,6.68e-06
2025-12-12T18:20:23.0,90.74576,77.36011,102.3026,95.17252,73.04631,70.82196,70.0,70.0,1.0,0.3866,3.87,0.1546,25.01,6.66e-06
2025-12-12T18:28:48.0,90.97079,77.44171,102.6451,95.4652,73.22444,70.83951,70.0,70.0,1.0,0.3866,3.87,0.1546,25.01,6.64e-06
2025-12-12T18:37:13.0,91.14118,77.49517,102.9689,95.80514,73.35422,70.86454,70.0,70.01,1.0,0.3867,3.87,0.1546,25.01,6.63e-06
2025-12-12T18:45:39.0,91.22552,77.5171,103.2413,96.12263,73.43213,70.86296,70.0,70.0,1.0,0.3867,3.87,0.1546,25.01,6.62e-06
2025-12-12T18:54:04.0,91.25185,77.42974,103.2836,95.99285,73.34771,70.33257,0.0,69.11,1.0,0.3867,3.87,0.1546,25.01,6.56e-06
2025-12-12T19:02:29.0,90.15773,75.26294,103.2202,95.30775,72.54708,65.07404,0.0,59.16,1.0,0.3868,3.87,0.1546,25.01,6.1e-06
2025-12-12T19:10:55.0,88.17333,71.03219,102.81,94.11467,70.46592,58.06115,0.0,50.45,1.0,0.3869,3.87,0.1547,25.01,5.27e-06
2025-12-12T19:19:20.0,85.45049,65.79957,101.7415,92.28028,67.16699,49.48355,0.0,41.4,1.0,0.3868,3.87,0.1548,25.01,4.48e-06
2025-12-12T19:27:46.0,82.39771,60.24715,99.97481,89.67061,63.06772,41.20858,0.0,33.37,1.0,0.3869,3.87,0.1549,25.01,3.82e-06
2025-12-12T19:36:11.0,78.93367,54.31134,97.74092,86.83655,58.13453,32.78834,0.0,24.64,1.0,0.3872,3.87,0.155,25.01,3.33e-06
2025-12-12T19:44:37.0,75.16548,48.11506,95.09166,83.61801,52.53253,24.51135,0.0,16.01,1.0,0.3875,3.87,0.1552,25.01,2.95e-06
2025-12-12T19:53:02.0,71.20407,41.77897,92.04748,79.99465,46.37675,16.7546,0.0,7.81,1.0,0.3877,3.87,0.1554,25.01,2.64e-06
2025-12-12T20:01:28.0,67.21854,35.42587,88.70198,76.23518,39.85091,8.962404,0.0,0.2,1.0,0.3878,3.87,0.1556,25.01,2.33e-06
2025-12-12T20:09:53.0,63.88501,30.3856,85.49289,72.98921,33.82966,4.815112,0.0,0.14,1.0,0.3879,3.87,0.1558,25.01,2.05e-06
2025-12-12T20:18:19.0,61.0063,27.10201,82.26755,70.00943,28.53125,3.444877,0.0,-0.06,1.0,0.3881,3.87,0.1559,25.01,1.84e-06
2025-12-12T20:26:44.0,58.49481,24.8552,79.27936,67.39175,24.08347,2.70125,0.0,-0.25,1.0,0.3883,3.87,0.156,25.01,1.69e-06
2025-12-12T20:35:10.0,56.30596,23.16134,76.52262,64.92343,20.36311,2.376253,0.0,-0.01,1.0,0.3884,3.87,0.1561,25.01,1.55e-06
2025-12-12T20:43:35.0,54.38763,21.84996,74.05241,62.72513,17.37143,2.152788,0.0,-0.06,1.0,0.3885,3.87,0.1562,25.01,1.44e-06
2025-12-12T20:52:01.0,52.75599,20.84624,71.89526,60.88435,14.98515,1.980241,0.0,-0.07,1.0,0.3886,3.87,0.1562,25.01,1.36e-06
2025-12-12T21:00:26.0,51.29944,19.99998,69.91772,59.14491,13.05705,1.787668,0.0,-0.05,1.0,0.3887,3.87,0.1563,25.01,1.3e-06
2025-12-12T21:08:51.0,50.08465,19.37029,68.22102,57.68459,11.5506,1.805004,0.0,0.1,1.0,0.3888,3.87,0.1563,25.01,1.25e-06
2025-12-12T21:17:17.0,48.99646,18.83361,66.85046,56.62794,10.31976,1.649618,0.0,0.06,1.0,0.3888,3.87,0.1564,25.01,1.2e-06
2025-12-12T21:25:43.0,48.08936,18.40688,65.52002,55.49447,9.372323,1.688954,0.0,0.07,1.0,0.3889,3.87,0.1564,25.01,1.19e-06
2025-12-12T21:34:08.0,47.29008,18.05521,64.44272,54.49779,8.584623,1.586275,0.0,0.03,1.0,0.3889,3.87,0.1565,25.01,1.16e-06
2025-12-12T21:42:34.0,46.55806,17.72141,63.52928,53.82499,7.889139,1.590151,0.0,-0.01,1.0,0.3889,3.87,0.1565,25.01,1.14e-06
2025-12-12T21:50:59.0,45.99662,17.52715,62.76258,53.19348,7.447229,1.478194,0.0,-0.14,1.0,0.389,3.87,0.1565,25.01,1.21e-06
2025-12-12T21:59:24.0,45.45478,17.29381,62.06502,52.70046,7.047743,1.508233,0.0,-0.08,1.0,0.389,3.87,0.1565,25.01,1.1e-06
2025-12-12T22:07:49.0,45.09973,17.16892,61.44146,52.10216,6.707384,1.492116,0.0,0.06,1.0,0.389,3.87,0.1565,25.01,1.09e-06
2025-12-12T22:16:16.0,44.71421,17.0516,60.96887,51.74063,6.520427,1.603221,0.0,0.07,1.0,0.389,3.87,0.1565,25.01,1.07e-06
2025-12-12T22:24:41.0,44.39884,16.93444,60.53469,51.37236,6.297014,1.539138,0.0,-0.03,1.0,0.3891,3.87,0.1566,25.01,1.05e-06
2025-12-12T22:33:07.0,44.03079,16.76005,60.13538,51.01597,5.976453,1.420784,0.0,0.03,1.0,0.3891,3.87,0.1566,25.01,1.04e-06
2025-12-12T22:41:32.0,43.74674,16.63335,59.84874,50.81436,5.788475,1.412402,0.0,0.02,1.0,0.3891,3.87,0.1566,25.01,1.03e-06
2025-12-12T22:49:57.0,43.55137,16.5634,59.57199,50.6263,5.707187,1.379199,0.0,0.03,1.0,0.3891,3.87,0.1566,25.01,1.02e-06
2025-12-12T22:58:23.0,43.45933,16.57477,59.27246,50.37179,5.714985,1.46076,0.0,0.03,1.0,0.3891,3.87,0.1566,25.01,1e-06
2025-12-12T23:06:48.0,43.77149,17.10511,59.19086,50.21421,6.00993,3.376185,70.0,4.99,1.0,0.3891,3.87,0.1566,25.01,1.01e-06
2025-12-12T23:15:13.0,44.86725,19.81755,59.27436,50.61842,7.463398,9.451697,70.0,14.43,1.0,0.3888,3.87,0.1566,25.01,1.04e-06
2025-12-12T23:23:39.0,46.47148,24.02245,59.81911,52.01449,10.14138,16.56173,70.0,23.06,1.0,0.3886,3.87,0.1565,25.01,1.1e-06
2025-12-12T23:32:04.0,48.55594,29.00959,60.45503,53.22849,13.97206,24.22096,70.0,31.56,1.0,0.3884,3.87,0.1564,25.01,1.19e-06
2025-12-12T23:40:29.0,51.17031,34.5329,61.77058,55.31616,18.59484,31.97702,70.0,40.01,1.0,0.3882,3.87,0.1563,25.01,1.32e-06
2025-12-12T23:48:55.0,54.31068,40.42672,63.44029,57.51704,23.68068,39.82728,70.0,48.42,1.0,0.388,3.87,0.1561,25.01,1.5e-06
2025-12-12T23:57:20.0,57.91696,46.62225,65.6799,60.41754,29.03103,47.88111,70.0,56.87,1.0,0.3877,3.87,0.156,25.01,1.77e-06
2025-12-13T00:05:46.0,61.99264,53.12508,68.40268,63.71968,34.71966,55.8137,70.0,65.31,1.0,0.3879,3.87,0.1558,25.01,2.18e-06
2025-12-13T00:14:11.0,66.35196,59.65775,71.65193,67.6836,41.0955,63.00299,70.0,70.71,1.0,0.3882,3.87,0.1555,25.01,2.69e-06
2025-12-13T00:22:37.0,70.11043,64.38405,75.12764,71.17239,46.97225,66.3962,70.0,70.28,1.0,0.3878,3.87,0.1554,25.01,3.41e-06
2025-12-13T00:31:02.0,73.3999,67.51163,78.73437,74.56934,52.01452,67.91976,70.0,70.14,1.0,0.3879,3.87,0.1552,25.01,3.66e-06
2025-12-13T00:39:27.0,76.23474,69.71986,82.18354,77.86915,56.24112,68.78345,70.0,70.07,1.0,0.3877,3.87,0.1551,25.01,4.01e-06
2025-12-13T00:47:53.0,78.6969,71.39053,85.1839,80.35598,59.67045,69.28799,70.0,70.05,1.0,0.3877,3.87,0.155,25.01,4.31e-06
2025-12-13T00:56:18.0,80.78573,72.64774,88.02128,82.97432,62.4558,69.63289,70.0,70.04,1.0,0.3876,3.87,0.1549,25.01,4.55e-06
2025-12-13T01:04:43.0,82.614,73.69037,90.46898,85.15628,64.71129,69.90335,70.0,70.04,1.0,0.3876,3.87,0.1549,25.01,4.76e-06
2025-12-13T01:13:09.0,84.13462,74.46585,92.58669,86.90553,66.49395,70.08645,70.0,70.03,1.0,0.3875,3.87,0.1548,25.01,4.94e-06
2025-12-13T01:21:34.0,85.44019,75.09566,94.43233,88.48187,67.93093,70.22186,70.0,70.01,1.0,0.3874,3.87,0.1548,25.01,5.09e-06
2025-12-13T01:30:00.0,86.54167,75.60426,96.07037,89.96347,69.09262,70.34936,70.0,70.01,1.0,0.3874,3.87,0.1547,25.01,5.2e-06
2025-12-13T01:38:26.0,87.48341,76.03179,97.34383,90.90676,70.01724,70.45436,70.0,70.01,1.0,0.3874,3.87,0.1547,25.01,5.29e-06
2025-12-13T01:46:51.0,88.27376,76.35917,98.5924,92.09622,70.77628,70.52004,70.0,70.0,1.0,0.3874,3.87,0.1547,25.01,5.36e-06
2025-12-13T01:55:17.0,88.89541,76.60477,99.48831,92.80419,71.37235,70.59699,70.0,70.01,1.0,0.3874,3.87,0.1546,25.01,5.41e-06
2025-12-13T02:03:42.0,89.44215,76.81673,100.2392,93.29092,71.84608,70.63465,70.0,70.0,1.0,0.3874,3.87,0.1546,25.01,5.45e-06
2025-12-13T02:12:07.0,89.90183,77.00393,100.9806,93.973,72.26458,70.69372,70.0,70.01,1.0,0.3874,3.87,0.1546,25.01,5.47e-06
2025-12-13T02:20:33.0,90.26498,77.14191,101.4574,94.26339,72.551,70.71874,70.0,70.0,1.0,0.3874,3.87,0.1546,25.01,5.5e-06
2025-12-13T02:28:58.0,90.57609,77.24334,101.9785,94.76467,72.81104,70.73155,70.0,70.0,1.0,0.3873,3.87,0.1546,25.01,5.51e-06
2025-12-13T02:37:23.0,90.81484,77.341,102.2888,94.90056,73.00099,70.76798,70.0,70.0,1.0,0.3873,3.87,0.1546,25.01,5.52e-06
2025-12-13T02:45:49.0,91.03931,77.4172,102.6982,95.3779,73.19942,70.79473,70.0,70.0,1.0,0.3874,3.87,0.1545,25.01,5.51e-06
2025-12-13T02:54:15.0,91.21211,77.47362,102.9389,95.50078,73.30365,70.78909,70.0,70.0,1.0,0.3874,3.87,0.1545,25.01,5.5e-06
2025-12-13T03:02:40.0,91.34281,77.52185,103.1454,95.67759,73.41613,70.80743,70.0,69.99,1.0,0.3874,3.87,0.1545,25.01,5.49e-06
2025-12-13T03:11:06.0,91.47953,77.57186,103.3979,96.00843,73.48721,70.80295,30.0,69.97,1.0,0.3873,3.87,0.1545,25.01,5.47e-06
2025-12-13T03:19:32.0,90.54169,75.93012,103.4413,95.7217,72.85563,66.39809,30.0,60.82,1.0,0.3875,3.87,0.1545,25.01,5.13e-06
2025-12-13T03:27:57.0,88.67056,71.94291,103.0746,94.49555,70.9747,59.47534,30.0,51.92,1.0,0.3876,3.87,0.1546,25.01,4.44e-06
2025-12-13T03:36:23.0,86.10123,66.85131,102.0477,92.59655,67.94086,50.97631,30.0,43.58,1.0,0.3876,3.87,0.1547,25.01,3.78e-06
2025-12-13T03:44:48.0,83.15627,61.416,100.4996,90.29385,63.97894,43.47672,30.0,35.13,1.0,0.3878,3.87,0.1548,25.01,3.23e-06
2025-12-13T03:53:13.0,80.01167,55.81896,98.39415,87.58027,59.35586,36.32173,30.0,29.73,1.0,0.388,3.87,0.155,25.01,2.81e-06
2025-12-13T04:01:39.0,77.4383,52.04647,96.08794,85.18005,55.12705,33.76858,30.0,30.07,1.0,0.3883,3.87,0.1551,25.01,2.49e-06
2025-12-13T04:10:04.0,75.19006,49.47006,93.6591,82.89857,51.2718,32.5634,30.0,29.92,1.0,0.3884,3.87,0.1552,25.01,2.3e-06
2025-12-13T04:18:30.0,73.23903,47.70065,91.39191,80.84286,48.0077,31.93899,30.0,29.94,1.0,0.3885,3.87,0.1553,25.01,2.18e-06
2025-12-13T04:26:55.0,71.61495,46.45482,89.25613,78.83607,45.3233,31.64821,30.0,30.0,1.0,0.3886,3.87,0.1554,25.01,2.07e-06
2025-12-13T04:35:21.0,70.2036,45.50245,87.45321,77.36219,43.17692,31.45123,30.0,30.03,1.0,0.3887,3.87,0.1554,25.01,1.97e-06
2025-12-13T04:43:46.0,68.99419,44.78119,85.87458,76.03915,41.44878,31.31609,30.0,30.03,1.0,0.3889,3.87,0.1555,25.01,1.89e-06
2025-12-13T04:52:11.0,67.94277,44.19304,84.42101,74.77608,40.07262,31.16183,30.0,30.0,1.0,0.3889,3.87,0.1555,25.01,1.82e-06
2025-12-13T05:00:37.0,67.06911,43.75708,83.17938,73.71123,38.99868,31.13274,30.0,30.0,1.0,0.3889,3.87,0.1555,25.01,1.76e-06
2025-12-13T05:09:02.0,66.27308,43.38461,82.13555,72.84901,38.03277,31.00368,30.0,29.98,1.0,0.389,3.87,0.1556,25.01,1.71e-06
2025-12-13T05:17:28.0,65.63769,43.10415,81.23983,72.12194,37.41346,31.00239,30.0,29.96,1.0,0.389,3.87,0.1556,25.01,1.67e-06
2025-12-13T05:25:53.0,65.12049,42.89528,80.46351,71.54257,36.91198,30.98714,30.0,30.0,1.0,0.389,3.87,0.1556,25.01,1.64e-06
2025-12-13T05:34:18.0,64.63295,42.6813,79.76174,70.84552,36.43272,30.93535,30.0,30.02,1.0,0.3891,3.87,0.1556,25.01,1.6e-06
2025-12-13T05:42:44.0,64.27281,42.55698,79.17558,70.39218,36.12117,30.91733,30.0,30.01,1.0,0.3891,3.87,0.1556,25.01,1.58e-06
2025-12-13T05:51:09.0,63.92868,42.42781,78.70088,69.93849,35.84485,30.9124,30.0,30.0,1.0,0.3891,3.87,0.1557,25.01,1.56e-06
2025-12-13T05:59:35.0,63.68438,42.3538,78.35779,69.73675,35.62727,30.88668,30.0,30.03,1.0,0.3891,3.87,0.1557,25.01,1.53e-06
2025-12-13T06:08:00.0,63.47023,42.30293,78.01079,69.39536,35.44241,30.85298,30.0,29.97,1.0,0.3891,3.87,0.1557,25.01,1.52e-06
2025-12-13T06:16:26.0,63.23957,42.20728,77.67707,69.09289,35.27038,30.82955,30.0,29.97,1.0,0.3891,3.87,0.1557,25.01,1.5e-06
2025-12-13T06:24:51.0,63.07037,42.15443,77.55587,69.14308,35.17282,30.83058,30.0,29.98,1.0,0.3892,3.87,0.1557,25.01,1.48e-06
2025-12-13T06:33:16.0,62.96528,42.13867,77.27026,68.80988,35.09629,30.82616,30.0,30.0,1.0,0.3891,3.87,0.1557,25.01,1.47e-06
2025-12-13T06:41:42.0,62.8625,42.09963,77.07505,68.59415,35.02966,30.82327,30.0,30.0,1.0,0.3892,3.87,0.1557,25.01,1.46e-06
2025-12-13T06:50:07.0,62.7423,42.0549,76.9335,68.54294,34.99363,30.83627,70.0,30.02,1.0,0.3891,3.87,0.1557,25.01,1.45e-06
2025-12-13T06:58:33.0,63.33846,43.10881,76.93566,68.63806,35.49657,34.23764,70.0,38.07,1.0,0.3889,3.87,0.1557,25.01,1.48e-06
2025-12-13T07:06:58.0,64.71977,46.41229,77.14985,69.4258,37.05883,40.68308,70.0,47.15,1.0,0.3888,3.87,0.1556,25.01,1.58e-06
2025-12-13T07:15:23.0,66.78882,50.97364,77.77702,70.78003,39.65628,47.99259,70.0,55.67,1.0,0.3886,3.87,0.1556,25.01,1.77e-06
2025-12-13T07:23:49.0,69.5041,56.27146,78.97322,72.77386,43.24191,55.60274,70.0,64.15,1.0,0.3886,3.87,0.1554,25.01,2.08e-06
2025-12-13T07:32:14.0,72.6663,62.00413,80.66397,75.12643,47.63896,62.81179,70.0,70.91,1.0,0.3886,3.87,0.1553,25.01,2.58e-06
2025-12-13T07:40:40.0,75.46862,66.36599,82.90542,77.77736,52.11765,66.41079,70.0,70.29,1.0,0.3883,3.87,0.1552,25.01,3.09e-06
2025-12-13T07:49:05.0,77.90917,69.14776,85.27675,80.01778,56.07152,68.05141,70.0,70.13,1.0,0.3882,3.87,0.155,25.01,3.39e-06
2025-12-13T07:57:31.0,80.02566,71.07144,87.75154,82.42122,59.44461,68.90079,70.0,70.08,1.0,0.3881,3.87,0.155,25.01,3.67e-06
2025-12-13T08:05:56.0,81.85665,72.48947,89.90345,84.26539,62.22546,69.39595,70.0,70.05,1.0,0.388,3.87,0.1549,25.01,3.89e-06
2025-12-13T08:14:22.0,83.44027,73.55695,91.94937,86.15659,64.49659,69.73428,70.0,70.04,1.0,0.388,3.87,0.1548,25.01,4.08e-06
2025-12-13T08:22:48.0,84.80639,74.40351,93.74182,87.74578,66.31695,69.96562,70.0,70.03,1.0,0.388,3.87,0.1548,25.01,4.23e-06
2025-12-13T08:31:13.0,85.95661,75.05152,95.30203,89.07007,67.77114,70.15138,70.0,70.01,1.0,0.388,3.87,0.1547,25.01,4.33e-06
2025-12-13T08:39:38.0,86.95847,75.58546,96.74047,90.36345,68.99483,70.30156,70.0,70.01,1.0,0.3879,3.87,0.1547,25.01,4.42e-06
2025-12-13T08:48:04.0,87.80372,76.00076,97.95043,91.44957,69.92863,70.41218,70.0,70.01,1.0,0.3879,3.87,0.1546,25.01,4.5e-06
2025-12-13T08:56:29.0,88.52004,76.34904,98.85689,92.05772,70.68522,70.50348,70.0,70.01,1.0,0.3879,3.87,0.1546,25.01,4.57e-06
2025-12-13T09:04:55.0,89.1188,76.6164,99.86177,93.09728,71.32432,70.5762,70.0,70.01,1.0,0.3878,3.87,0.1546,25.01,4.61e-06
2025-12-13T09:13:20.0,89.61502,76.8248,100.5764,93.67231,71.81882,70.63233,70.0,70.0,1.0,0.3879,3.87,0.1546,25.01,4.8e-06
2025-12-13T09:21:46.0,90.0382,77.01074,101.1252,94.01542,72.19964,70.6772,70.0,70.0,1.0,0.3879,3.87,0.1546,25.01,4.66e-06
2025-12-13T09:30:12.0,90.39467,77.15356,101.689,94.5546,72.52715,70.71035,70.0,70.0,1.0,0.3879,3.87,0.1546,25.01,4.67e-06
2025-12-13T09:38:37.0,90.69468,77.28948,102.0566,94.77213,72.80759,70.76453,70.0,70.0,1.0,0.3878,3.87,0.1545,25.01,4.82e-06
2025-12-13T09:47:03.0,90.91274,77.3556,102.5318,95.29563,72.99804,70.7692,70.0,70.01,1.0,0.3878,3.87,0.1545,25.01,4.72e-06
2025-12-13T09:55:28.0,91.11951,77.43772,102.7648,95.381,73.17993,70.79968,70.0,70.0,1.0,0.3878,3.87,0.1545,25.01,4.72e-06
2025-12-13T10:03:53.0,91.28024,77.49071,103.0249,95.61796,73.31154,70.8102,70.0,69.99,1.0,0.3879,3.87,0.1545,25.01,4.9e-06
2025-12-13T10:12:19.0,91.42075,77.54256,103.2039,95.71105,73.42075,70.82109,70.0,70.0,1.0,0.3879,3.87,0.1545,25.01,4.71e-06
2025-12-13T10:20:45.0,91.52742,77.58226,103.4205,95.92735,73.50504,70.83278,70.0,70.0,1.0,0.3878,3.87,0.1545,25.01,4.71e-06
2025-12-13T10:29:10.0,91.63759,77.62781,103.5376,95.99503,73.58833,70.85329,70.0,70.0,1.0,0.3878,3.87,0.1545,25.01,4.88e-06
2025-12-13T10:37:35.0,90.85239,76.39539,103.6741,96.06331,73.08767,67.22544,-10.0,62.22,1.0,0.3879,3.87,0.1545,25.01,4.51e-06
2025-12-13T10:46:01.0,89.13737,72.68594,103.335,94.82599,71.39017,60.63263,-10.0,53.19,1.0,0.3881,3.87,0.1546,25.01,3.89e-06
2025-12-13T10:54:26.0,86.66622,67.72283,102.3977,93.07476,68.49536,52.21015,-10.0,44.92,1.0,0.3882,3.87,0.1547,25.01,3.31e-06
2025-12-13T11:02:51.0,83.75444,62.32954,100.9122,90.83071,64.68104,44.76351,-10.0,36.5,1.0,0.3884,3.87,0.1548,25.01,2.76e-06
2025-12-13T11:11:17.0,80.45488,56.53251,98.84612,88.13202,60.05759,36.5301,-10.0,28.21,1.0,0.3887,3.87,0.1549,25.01,2.39e-06
2025-12-13T11:19:42.0,76.78226,50.42451,96.2886,84.93217,54.65195,28.41336,-10.0,19.68,1.0,0.389,3.87,0.1551,25.01,2.11e-06
2025-12-13T11:28:08.0,72.88456,44.12962,93.31477,81.42285,48.69579,20.19428,-10.0,11.75,1.0,0.3892,3.87,0.1552,25.01,1.93e-06
2025-12-13T11:36:34.0,68.83174,37.68757,90.12967,77.91157,42.27838,11.21226,-10.0,3.06,1.0,0.3896,3.87,0.1554,25.01,1.76e-06
2025-12-13T11:44:59.0,64.62451,31.17218,86.61808,73.96737,35.41057,3.128935,-10.0,-5.65,1.0,0.3897,3.87,0.1556,25.01,1.6e-06
2025-12-13T11:53:24.0,60.73072,25.04669,83.10464,70.24235,28.56126,-3.385865,-10.0,-10.75,1.0,0.3898,3.87,0.1558,25.01,1.44e-06
2025-12-13T12:01:50.0,57.56049,20.82483,79.6489,66.81545,22.54487,-6.203481,-10.0,-10.56,1.0,0.3899,3.87,0.1559,25.01,1.32e-06
2025-12-13T12:10:15.0,54.86798,18.09432,76.47032,64.01727,17.41246,-6.767025,-10.0,-9.89,1.0,0.3901,3.87,0.1561,25.01,1.24e-06
2025-12-13T12:18:41.0,52.4804,16.1313,73.53133,61.50861,13.12213,-7.3855,-10.0,-9.75,1.0,0.3903,3.87,0.1562,25.01,1.17e-06
2025-12-13T12:27:06.0,50.34892,14.6447,70.81127,59.05081,9.653334,-7.48987,-10.0,-9.7,1.0,0.3904,3.87,0.1563,25.01,1.09e-06
2025-12-13T12:35:32.0,48.49778,13.49526,68.45724,57.04505,6.857559,-7.726319,-10.0,-10.16,1.0,0.3905,3.87,0.1563,25.01,1.03e-06
2025-12-13T12:43:57.0,46.89177,12.54371,66.31922,55.19653,4.646418,-7.986758,-10.0,-10.37,1.0,0.3906,3.87,0.1564,25.01,9.82e-07
2025-12-13T12:52:23.0,45.50685,11.79153,64.46357,53.57663,2.880632,-7.936289,-10.0,-9.79,1.0,0.3907,3.87,0.1565,25.01,9.47e-07
2025-12-13T13:00:48.0,44.35996,11.17911,62.85593,52.24202,1.498508,-8.034914,-10.0,-9.8,1.0,0.3907,3.87,0.1565,25.01,9.1e-07
2025-12-13T13:09:13.0,43.30208,10.67892,61.45542,51.05069,0.35957,-7.951666,-10.0,-9.89,1.0,0.3908,3.87,0.1566,25.01,8.78e-07
2025-12-13T13:17:39.0,42.36188,10.22972,60.22988,50.0234,-0.5530968,-8.110086,-10.0,-10.11,1.0,0.3908,3.87,0.1566,25.01,8.56e-07
2025-12-13T13:26:04.0,41.61454,9.917532,59.17603,49.1184,-1.242708,-8.047235,-10.0,-9.9,1.0,0.3909,3.87,0.1566,25.01,8.24e-07
2025-12-13T13:34:29.0,40.92342,9.617088,58.23594,48.31956,-1.85707,-8.092921,-10.0,-10.0,1.0,0.3909,3.87,0.1566,25.01,1.09e-06
2025-12-13T13:42:55.0,40.31189,9.35785,57.45039,47.61794,-2.296441,-8.19837,-10.0,-10.16,1.0,0.391,3.87,0.1567,25.01,7.91e-07
2025-12-13T13:51:20.0,39.85417,9.190469,56.84776,47.20302,-2.709163,-8.260802,-10.0,-9.92,1.0,0.391,3.87,0.1567,25.01,7.79e-07
2025-12-13T13:59:46.0,39.43534,9.055082,56.24833,46.68034,-2.997312,-8.240638,-10.0,-9.87,1.0,0.391,3.87,0.1567,25.01,7.67e-07
2025-12-13T14:08:11.0,39.05183,8.907773,55.78137,46.31611,-3.20937,-8.284132,-10.0,-9.92,1.0,0.391,3.87,0.1567,25.01,7.57e-07
2025-12-13T14:16:36.0,38.74797,8.788371,55.24423,45.75362,-3.412344,-8.260097,-10.0,-9.98,1.0,0.3911,3.87,0.1567,25.01,7.48e-07
2025-12-13T14:25:02.0,38.44281,8.6457,54.92799,45.56873,-3.601686,-8.319264,-10.0,-10.1,1.0,0.3911,3.87,0.1567,25.01,7.4e-07
2025-12-13T14:33:27.0,38.23289,8.58201,54.61436,45.27678,-3.736527,-8.286232,-10.0,-10.12,1.0,0.3911,3.87,0.1567,25.01,7.54e-07
2025-12-13T14:41:53.0,37.99463,8.466969,54.36111,45.1108,-3.844673,-8.353355,-10.0,-10.17,1.0,0.3911,3.87,0.1567,25.01,7.42e-07
2025-12-13T14:50:18.0,37.85837,8.433767,54.09696,44.87922,-3.882827,-8.198723,-10.0,-10.0,1.0,0.3911,3.87,0.1567,25.01,7.19e-07
2025-12-13T14:58:44.0,37.69039,8.362457,53.9029,44.72836,-4.003892,-8.24704,-10.0,-10.04,1.0,0.3912,3.87,0.1567,25.01,7.28e-07
2025-12-13T15:07:10.0,37.57464,8.321587,53.747,44.62273,-4.091479,-8.312562,-10.0,-10.1,1.0,0.3912,3.87,0.1568,25.01,7.22e-07
2025-12-13T15:15:35.0,37.44553,8.270313,53.64765,44.52564,-4.146094,-8.397441,-10.0,-10.13,1.0,0.3911,3.87,0.1568,25.01,7.2e-07
2025-12-13T15:24:01.0,37.36215,8.247571,53.47271,44.34242,-4.158284,-8.335601,-10.0,-10.07,1.0,0.3912,3.87,0.1568,25.01,7.16e-07
2025-12-13T15:32:26.0,37.35163,8.266041,53.35382,44.21675,-4.166685,-8.331596,-10.0,-10.02,1.0,0.3911,3.87,0.1568,25.01,7.09e-07
2025-12-13T15:40:51.0,37.25097,8.215675,53.29917,44.22189,-4.203428,-8.358464,-10.0,-9.92,1.0,0.3912,3.87,0.1568,25.01,7.06e-07
2025-12-13T15:49:17.0,37.20864,8.21263,53.1845,44.12312,-4.212002,-8.333382,-10.0,-9.92,1.0,0.3912,3.87,0.1568,25.01,6.83e-07
2025-12-13T15:57:42.0,37.16221,8.200228,53.15679,44.09382,-4.235355,-8.251188,-10.0,-9.95,1.0,0.3912,3.87,0.1568,25.01,6.81e-07
2025-12-13T16:06:07.0,37.1389,8.193284,53.10183,44.08107,-4.21786,-8.308577,-10.0,-10.03,1.0,0.3912,3.87,0.1568,25.01,6.76e-07
2025-12-13T16:14:33.0,37.06844,8.164077,53.09591,44.10321,-4.261122,-8.368369,-10.0,-10.07,1.0,0.3912,3.87,0.1568,25.01,6.71e-07
2025-12-13T16:22:58.0,37.03362,8.143093,53.01137,44.00847,-4.276093,-8.314689,-10.0,-10.16,1.0,0.3912,3.87,0.1568,25.01,6.7e-07
2025-12-13T16:31:24.0,37.03454,8.146196,52.95769,43.8862,-4.267899,-8.35116,-10.0,-9.97,1.0,0.3912,3.87,0.1568,25.01,6.66e-07
2025-12-13T16:39:49.0,36.9858,8.126951,52.90533,43.88813,-4.284697,-8.339794,-10.0,-9.93,1.0,0.3912,3.87,0.1568,25.01,6.81e-07
2025-12-13T16:48:14.0,36.96842,8.125559,52.93362,43.93866,-4.272094,-8.295826,-10.0,-9.92,1.0,0.3912,3.87,0.1568,25.01,6.59e-07
2025-12-13T16:56:39.0,36.8636,8.037945,52.95429,44.03877,-4.378606,-8.41903,-10.0,-10.0,1.0,0.3912,3.87,0.1568,25.01,6.58e-07
2025-12-13T17:05:05.0,36.94161,8.105776,52.87718,43.82339,-4.300533,-8.316473,-10.0,-9.91,1.0,0.3912,3.87,0.1568,25.01,6.55e-07
2025-12-13T17:13:30.0,36.87533,8.045252,52.84203,43.87827,-4.357175,-8.41871,-10.0,-10.21,1.0,0.3912,3.87,0.1568,25.01,6.53e-07
2025-12-13T17:21:55.0,36.9225,8.09534,52.90453,43.94926,-4.331393,-8.402298,-10.0,-9.98,1.0,0.3912,3.87,0.1568,25.01,6.52e-07
2025-12-13T17:30:21.0,36.90288,8.092946,52.85562,43.85677,-4.305276,-8.351718,-10.0,-9.95,1.0,0.3912,3.87,0.1568,25.01,6.5e-07
2025-12-13T17:38:46.0,36.89758,8.086741,52.87062,43.92687,-4.371324,-8.309579,-10.0,-9.96,1.0,0.3912,3.87,0.1568,25.01,6.46e-07
2025-12-13T17:47:11.0,36.90798,8.078393,52.82822,43.85771,-4.319972,-8.349967,-10.0,-9.9,1.0,0.3912,3.87,0.1568,25.01,6.45e-07
2025-12-13T17:55:36.0,36.86086,8.062466,52.89428,43.97292,-4.334975,-8.328042,-10.0,-10.11,1.0,0.3912,3.87,0.1568,25.01,6.44e-07
2025-12-13T18:04:01.0,36.85765,8.051715,52.83981,43.89182,-4.372553,-8.395573,-10.0,-9.95,1.0,0.3912,3.87,0.1568,25.01,6.58e-07
2025-12-13T18:12:27.0,36.83887,8.051136,52.81292,43.80744,-4.39223,-8.415333,-10.0,-9.95,1.0,0.3912,3.87,0.1568,25.01,6.59e-07
2025-12-13T18:20:52.0,36.85364,8.061106,52.8478,43.84878,-4.396416,-8.289062,-10.0,-10.0,1.0,0.3912,3.87,0.1568,25.01,6.58e-07
2025-12-13T18:29:17.0,36.82849,8.033787,52.82864,43.90095,-4.418354,-8.387841,-10.0,-10.15,1.0,0.3912,3.87,0.1568,25.01,6.55e-07
2025-12-13T18:37:43.0,36.85936,7.723663,52.79778,43.88372,-4.372134,-8.426496,-10.0,-10.04,1.0,0.3912,3.87,0.1568,25.01,6.29e-07
2025-12-13T18:46:08.0,36.83451,7.692933,52.79275,43.86776,-4.364055,-8.39829,-10.0,-9.98,1.0,0.3912,3.87,0.1568,25.01,6.3e-07
2025-12-13T18:54:33.0,36.82244,7.674295,52.73805,43.83024,-4.384937,-8.354218,-10.0,-10.03,1.0,0.3912,3.87,0.1568,25.01,6.34e-07
2025-12-13T19:02:59.0,36.85617,7.704082,52.84961,43.95998,-4.325292,-8.27629,-10.0,-9.96,1.0,0.3912,3.87,0.1568,25.01,6.3e-07
2025-12-13T19:11:24.0,36.85898,7.717212,52.74862,43.74092,-4.344611,-8.288855,-10.0,-9.95,1.0,0.3912,3.87,0.1568,25.01,6.32e-07
2025-12-13T19:19:50.0,36.75528,7.594126,52.77496,43.89161,-4.472016,-8.478793,-10.0,-9.93,1.0,0.3913,3.87,0.1568,25.01,6.3e-07
2025-12-13T19:28:15.0,36.80114,7.638203,52.79047,43.87006,-4.421087,-8.347094,-10.0,-10.01,1.0,0.3912,3.87,0.1568,25.01,6.18e-07
2025-12-13T19:36:41.0,36.75212,7.619424,52.8309,43.91144,-4.485189,-8.377018,-10.0,-9.93,1.0,0.3912,3.87,0.1568,25.01,6.3e-07
2025-12-13T19:45:06.0,36.77112,7.637416,52.84782,43.97991,-4.413276,-8.316763,-10.0,-9.95,1.0,0.3912,3.87,0.1568,25.01,6.29e-07
2025-12-13T19:53:32.0,36.82288,7.650206,52.78631,43.85179,-4.386021,-8.285778,-10.0,-9.99,1.0,0.3912,3.87,0.1568,25.01,6.28e-07
2025-12-13T20:01:57.0,36.74666,7.615823,52.80957,43.87312,-4.489694,-8.363019,-10.0,-9.96,1.0,0.3913,3.87,0.1568,25.01,6.33e-07
2025-12-13T20:10:22.0,36.74509,7.585424,52.79213,43.91231,-4.516351,-8.489512,-10.0,-10.21,1.0,0.3913,3.87,0.1568,25.01,6.28e-07
2025-12-13T20:18:48.0,36.76217,7.613101,52.87858,44.02032,-4.462479,-8.458045,-10.0,-10.09,1.0,0.3912,3.87,0.1568,25.01,6.26e-07
2025-12-13T20:27:13.0,36.86499,7.712483,52.83495,43.90704,-4.301804,-8.225967,-10.0,-9.91,1.0,0.3912,3.87,0.1568,25.01,6.25e-07
2025-12-13T20:35:39.0,36.82946,7.676047,52.83933,43.91143,-4.321596,-8.285527,-10.0,-10.05,1.0,0.3912,3.87,0.1568,25.01,6.21e-07
2025-12-13T20:44:04.0,36.79233,7.627013,52.83902,43.98677,-4.385992,-8.365201,-10.0,-10.13,1.0,0.3912,3.87,0.1568,25.01,6.44e-07
2025-12-13T20:52:30.0,36.77347,7.602587,52.79009,43.86355,-4.437276,-8.482684,-10.0,-10.16,1.0,0.3913,3.87,0.1568,25.01,6.44e-07
2025-12-13T21:00:55.0,36.83877,7.659953,52.82651,43.93296,-4.354116,-8.26191,-10.0,-9.96,1.0,0.3912,3.87,0.1568,25.01,6.46e-07
2025-12-13T21:09:21.0,36.84511,7.6602,52.86745,43.92875,-4.350566,-8.348611,-10.0,-9.92,1.0,0.3912,3.87,0.1568,25.01,6.45e-07
2025-12-13T21:17:46.0,36.84673,7.655499,52.76592,43.8217,-4.331656,-8.384539,-10.0,-10.14,1.0,0.3912,3.87,0.1568,25.01,6.4e-07
2025-12-13T21:26:11.0,36.86093,7.674339,52.83486,43.88114,-4.32276,-8.224043,-10.0,-9.87,1.0,0.3912,3.87,0.1568,25.01,6.42e-07
2025-12-13T21:34:37.0,36.86408,7.660903,52.85339,43.90137,-4.464408,-8.443784,-10.0,-9.93,1.0,0.3913,3.87,0.1568,25.01,6.07e-07
2025-12-13T21:43:02.0,36.77987,7.629958,52.88114,43.98166,-4.456308,-8.385063,-10.0,-9.91,1.0,0.3913,3.87,0.1568,25.01,6.09e-07
2025-12-13T21:51:28.0,36.87624,7.689397,52.82765,43.83275,-4.326871,-8.273814,-10.0,-9.91,1.0,0.3912,3.87,0.1568,25.01,6.09e-07
2025-12-13T21:59:53.0,36.80245,7.62529,52.82185,43.89309,-4.446731,-8.381671,-10.0,-10.14,1.0,0.3912,3.87,0.1568,25.01,6.07e-07
2025-12-13T22:08:19.0,36.82333,7.60332,52.79962,43.89099,-4.416107,-8.378628,-10.0,-9.87,1.0,0.3913,3.87,0.1568,25.01,6.06e-07
2025-12-13T22:16:44.0,36.79797,7.601472,52.7944,43.87575,-4.434884,-8.39612,-10.0,-10.11,1.0,0.3913,3.87,0.1568,25.01,6.05e-07
2025-12-13T22:25:10.0,36.80648,7.607515,52.85929,43.96002,-4.428711,-8.390747,-10.0,-10.16,1.0,0.3912,3.87,0.1568,25.01,6.05e-07
2025-12-13T22:33:35.0,36.84375,7.65296,52.87405,43.98353,-4.335788,-8.389108,-10.0,-10.04,1.0,0.3913,3.87,0.1568,25.01,6.04e-07
2025-12-13T22:42:01.0,36.87407,7.668005,52.84089,43.87044,-4.331266,-8.430739,-10.0,-10.04,1.0,0.3913,3.87,0.1568,25.01,6.02e-07
2025-12-13T22:50:26.0,36.85439,7.652418,52.80533,43.8734,-4.312483,-8.334892,-10.0,-10.03,1.0,0.3912,3.87,0.1568,25.01,6.01e-07
2025-12-13T22:58:52.0,36.82653,7.641143,52.89211,44.00105,-4.358014,-8.364561,-10.0,-9.89,1.0,0.3912,3.87,0.1568,25.01,6e-07
2025-12-13T23:07:17.0,36.88014,7.677059,52.8039,43.86124,-4.323053,-8.234455,-10.0,-9.9,1.0,0.3912,3.87,0.1568,25.01,5.91e-07
2025-12-13T23:15:43.0,36.8513,7.652573,52.80252,43.89359,-4.336771,-8.242095,-10.0,-9.95,1.0,0.3913,3.87,0.1568,25.01,5.96e-07
2025-12-13T23:24:08.0,36.83906,7.637908,52.78751,43.75572,-4.378972,-8.294752,-10.0,-9.96,1.0,0.3913,3.87,0.1568,25.01,5.99e-07
2025-12-13T23:32:34.0,36.79387,7.597876,52.81842,43.86562,-4.424746,-8.336596,-10.0,-10.03,1.0,0.3912,3.87,0.1568,25.01,5.97e-07
2025-12-13T23:41:00.0,36.74671,7.541334,52.7855,43.82996,-4.436035,-8.513545,-10.0,-10.02,1.0,0.3913,3.87,0.1568,25.01,5.95e-07
2025-12-13T23:49:25.0,36.87557,7.659348,52.8521,43.94538,-4.333156,-8.221401,-10.0,-9.87,1.0,0.3912,3.87,0.1568,25.01,5.94e-07
2025-12-13T23:57:50.0,36.8338,7.639002,52.79185,43.83138,-4.349553,-8.323903,-10.0,-10.12,1.0,0.3913,3.87,0.1568,25.01,5.92e-07
2025-12-14T00:06:16.0,36.84796,7.625019,52.79543,43.88275,-4.369452,-8.302158,-10.0,-9.95,1.0,0.3913,3.87,0.1568,25.01,5.91e-07
2025-12-14T00:14:41.0,36.90398,7.652407,52.86593,43.9372,-4.318949,-8.255837,-10.0,-10.04,1.0,0.3913,3.87,0.1568,25.01,5.9e-07
2025-12-14T00:23:07.0,36.84532,7.616025,52.79069,43.87081,-4.364363,-8.372786,-10.0,-10.24,1.0,0.3913,3.87,0.1568,25.01,5.87e-07
2025-12-14T00:31:32.0,36.8103,7.59276,52.79966,43.85644,-4.353226,-8.342786,-10.0,-10.07,1.0,0.3913,3.87,0.1568,25.01,5.88e-07
2025-12-14T00:39:57.0,36.87631,7.630421,52.80443,43.79808,-4.406146,-8.46818,-10.0,-9.99,1.0,0.3913,3.87,0.1568,25.01,5.87e-07
2025-12-14T00:48:23.0,36.8405,7.631185,52.81164,43.85656,-4.378723,-8.383819,-10.0,-9.91,1.0,0.3913,3.87,0.1568,25.01,5.86e-07
2025-12-14T00:56:48.0,36.88574,7.656435,52.78864,43.78396,-4.344766,-8.287586,-10.0,-9.98,1.0,0.3913,3.87,0.1568,25.01,6.24e-07
2025-12-14T01:05:13.0,36.85827,7.612707,52.77826,43.84178,-4.360284,-8.415251,-10.0,-10.03,1.0,0.3913,3.87,0.1568,25.01,6.18e-07
2025-12-14T01:13:38.0,36.79428,7.579964,52.80375,43.86017,-4.403437,-8.414448,-10.0,-9.92,1.0,0.3913,3.87,0.1568,25.01,5.8e-07
2025-12-14T01:22:04.0,36.84188,7.635393,52.8123,43.82376,-4.379982,-8.289106,-10.0,-9.98,1.0,0.3913,3.87,0.1568,25.01,5.81e-07
2025-12-14T01:30:29.0,36.84922,7.619244,52.82861,43.87654,-4.402067,-8.325368,-10.0,-10.05,1.0,0.3913,3.87,0.1568,25.01,5.76e-07
2025-12-14T01:38:54.0,36.80952,7.579478,52.82779,43.90725,-4.421311,-8.340179,-10.0,-9.98,1.0,0.3913,3.87,0.1568,25.01,5.79e-07
2025-12-14T01:47:19.0,36.80698,7.587492,52.7781,43.79155,-4.376855,-8.376588,-10.0,-10.2,1.0,0.3913,3.87,0.1568,25.01,5.78e-07
2025-12-14T01:55:44.0,36.778,7.538178,52.83591,43.93978,-4.469361,-8.407133,-10.0,-10.05,1.0,0.3913,3.87,0.1568,25.01,5.78e-07
2025-12-14T02:04:10.0,36.73578,7.520523,52.75758,43.81491,-4.424059,-8.33174,-10.0,-9.98,1.0,0.3913,3.87,0.1568,25.01,5.76e-07
2025-12-14T02:12:35.0,36.85544,7.6097,52.82189,43.89419,-4.376007,-8.308207,-10.0,-9.91,1.0,0.3913,3.87,0.1568,25.01,5.75e-07
2025-12-14T02:21:01.0,36.79422,7.549874,52.84614,43.93262,-4.509851,-8.39136,-10.0,-10.08,1.0,0.3913,3.87,0.1568,25.01,5.74e-07
2025-12-14T02:29:26.0,36.82889,7.592036,52.79978,43.87547,-4.363061,-8.311203,-10.0,-10.17,1.0,0.3913,3.87,0.1568,25.01,5.76e-07
2025-12-14T02:37:51.0,36.82742,7.595172,52.78692,43.81844,-4.367796,-8.412832,-10.0,-10.1,1.0,0.3913,3.87,0.1568,25.01,7.76e-07
2025-12-14T02:46:16.0,36.84499,7.601106,52.8153,43.8595,-4.361554,-8.421488,-10.0,-9.98,1.0,0.3913,3.87,0.1568,25.01,5.71e-07
2025-12-14T02:54:41.0,36.85553,7.606278,52.8012,43.84399,-4.388516,-8.36804,-10.0,-9.88,1.0,0.3913,3.87,0.1568,25.01,5.7e-07
2025-12-14T03:03:07.0,36.79223,7.564086,52.81396,43.86599,-4.371813,-8.295091,-10.0,-10.0,1.0,0.3913,3.87,0.1568,25.01,5.7e-07
2025-12-14T03:11:32.0,36.89917,7.645269,52.8493,43.91945,-4.28704,-8.288465,-10.0,-10.1,1.0,0.3913,3.87,0.1568,25.01,5.35e-07
2025-12-14T03:19:57.0,36.757,7.542401,52.8245,43.87872,-4.391258,-8.385912,-10.0,-10.03,1.0,0.3913,3.87,0.1568,25.01,5.68e-07
2025-12-14T03:28:23.0,36.84652,7.592338,52.87179,43.99345,-4.379653,-8.445821,-10.0,-10.07,1.0,0.3914,3.87,0.1568,25.01,5.71e-07
2025-12-14T03:36:48.0,36.85441,7.61084,52.85198,43.91168,-4.381374,-8.302212,-10.0,-9.91,1.0,0.3913,3.87,0.1568,25.01,5.67e-07
2025-12-14T03:45:14.0,36.7875,7.534442,52.84641,43.96261,-4.514331,-8.41495,-10.0,-10.12,1.0,0.3913,3.87,0.1568,25.01,5.66e-07
2025-12-14T03:53:39.0,36.79579,7.530069,52.86258,43.97481,-4.522268,-8.411647,-10.0,-10.01,1.0,0.3913,3.87,0.1568,25.01,5.65e-07
2025-12-14T04:02:04.0,36.82307,7.591772,52.84207,43.95332,-4.319075,-8.347203,-10.0,-10.15,1.0,0.3913,3.87,0.1568,25.01,5.64e-07
2025-12-14T04:10:30.0,36.89468,7.636782,52.85554,43.91954,-4.326921,-8.356292,-10.0,-9.98,1.0,0.3913,3.87,0.1568,25.01,5.64e-07
2025-12-14T04:18:55.0,36.87046,7.617079,52.83957,43.91225,-4.302563,-8.326089,-10.0,-9.89,1.0,0.3913,3.87,0.1568,25.01,5.63e-07
2025-12-14T04:27:20.0,36.78719,7.550072,52.81692,43.90146,-4.444562,-8.331219,-10.0,-9.89,1.0,0.3913,3.87,0.1568,25.01,5.58e-07
2025-12-14T04:35:46.0,36.86523,7.600838,52.7588,43.71821,-4.346938,-8.280705,-10.0,-9.96,1.0,0.3913,3.87,0.1568,25.01,5.61e-07
2025-12-14T04:44:11.0,36.85799,7.616976,52.8619,43.92413,-4.314981,-8.237734,-10.0,-9.99,1.0,0.3913,3.87,0.1568,25.01,5.6e-07
2025-12-14T04:52:37.0,36.84912,7.593537,52.8183,43.86984,-4.311663,-8.346533,-10.0,-10.05,1.0,0.3913,3.87,0.1568,25.01,5.59e-07
2025-12-14T05:01:02.0,36.85471,7.600533,52.80648,43.80579,-4.326289,-8.357982,-10.0,-9.93,1.0,0.3913,3.87,0.1568,25.01,5.59e-07
2025-12-14T05:09:27.0,36.84292,7.601673,52.82283,43.85577,-4.367719,-8.274029,-10.0,-9.99,1.0,0.3913,3.87,0.1568,25.01,5.58e-07
2025-12-14T05:17:53.0,36.84104,7.594236,52.87837,43.99044,-4.365733,-8.334817,-10.0,-10.02,1.0,0.3913,3.87,0.1568,25.01,5.57e-07
2025-12-14T05:26:18.0,36.88331,7.625096,52.86705,43.89733,-4.351657,-8.308655,-10.0,-10.0,1.0,0.3913,3.87,0.1568,25.01,5.56e-07
2025-12-14T05:34:44.0,36.86224,7.583194,52.8108,43.86883,-4.3869,-8.338419,-10.0,-10.11,1.0,0.3913,3.87,0.1568,25.01,5.55e-07
2025-12-14T05:43:09.0,36.78467,7.542433,52.81457,43.81802,-4.455872,-8.359836,-10.0,-9.88,1.0,0.3913,3.87,0.1568,25.01,5.54e-07
2025-12-14T05:51:34.0,36.96301,7.71597,52.84496,43.90344,-4.270037,-7.653338,60.0,-8.34,1.0,0.3913,3.87,0.1568,25.01,5.54e-07
2025-12-14T06:00:00.0,38.05038,9.773211,53.05265,44.05231,-2.971496,-2.469763,60.0,1.31,1.0,0.391,3.87,0.1567,25.01,5.65e-07
2025-12-14T06:08:25.0,39.52309,13.51907,53.60529,45.28573,-0.6455608,4.426826,60.0,10.14,1.0,0.3908,3.87,0.1567,25.01,5.87e-07
2025-12-14T06:16:50.0,41.4496,18.3479,54.3251,46.64288,2.914233,11.84269,60.0,18.69,1.0,0.3905,3.87,0.1566,25.01,6.32e-07
2025-12-14T06:25:16.0,43.82305,23.7715,55.35685,48.25659,7.531833,19.52151,60.0,27.13,1.0,0.3903,3.87,0.1565,25.01,6.91e-07
2025-12-14T06:33:41.0,46.70799,29.64864,56.93722,50.54668,12.97711,27.36099,60.0,35.55,1.0,0.3901,3.87,0.1564,25.01,7.89e-07
2025-12-14T06:42:07.0,50.01668,35.84025,58.93718,53.17227,18.97273,35.42971,60.0,44.04,1.0,0.3899,3.87,0.1562,25.01,8.89e-07
2025-12-14T06:50:32.0,53.82468,42.28586,61.52469,56.5212,25.27345,43.45939,60.0,52.44,1.0,0.3897,3.87,0.1561,25.01,1.04e-06
2025-12-14T06:58:58.0,58.02636,48.91222,64.42309,59.94284,31.73296,51.49327,60.0,60.8,1.0,0.3896,3.87,0.1559,25.01,1.24e-06
2025-12-14T07:07:23.0,61.79491,54.30346,67.67546,63.4556,37.3521,55.7848,60.0,60.42,1.0,0.3895,3.87,0.1557,25.01,1.5e-06
2025-12-14T07:15:49.0,65.08466,57.76896,71.09697,66.65985,41.60017,57.72121,60.0,60.16,1.0,0.3894,3.87,0.1555,25.01,1.71e-06
2025-12-14T07:24:14.0,67.92705,60.14771,74.39844,69.63057,44.74363,58.70732,60.0,60.1,1.0,0.3893,3.87,0.1554,25.01,1.88e-06
2025-12-14T07:32:39.0,70.41752,61.92937,77.50385,72.5238,48.55634,59.25568,60.0,60.06,1.0,0.3892,3.87,0.1553,25.01,2.06e-06
2025-12-14T07:41:05.0,72.50651,63.27402,80.22862,74.93175,51.81811,59.61957,60.0,60.05,1.0,0.3891,3.87,0.1552,25.01,2.21e-06
2025-12-14T07:49:30.0,74.34603,64.33472,82.62637,77.0077,54.2968,59.87971,60.0,60.03,1.0,0.389,3.87,0.1551,25.01,2.3e-06
2025-12-14T07:57:56.0,75.93051,65.18169,84.76297,78.83758,56.25686,60.07082,60.0,60.02,1.0,0.3889,3.87,0.1551,25.01,2.43e-06
2025-12-14T08:06:21.0,77.28004,65.85597,86.6845,80.56051,57.81377,60.21556,60.0,60.02,1.0,0.3889,3.87,0.155,25.01,2.49e-06
2025-12-14T08:14:47.0,78.43069,66.40441,88.26588,81.87024,59.03585,60.32905,60.0,60.01,1.0,0.3888,3.87,0.155,25.01,2.55e-06
2025-12-14T08:23:12.0,79.41602,66.84553,89.68577,83.08615,60.04684,60.43804,60.0,60.02,1.0,0.3887,3.87,0.1549,25.01,2.61e-06
2025-12-14T08:31:38.0,80.24474,67.19385,90.85908,84.0458,60.84972,60.5067,60.0,60.02,1.0,0.3887,3.87,0.1549,25.01,2.63e-06
2025-12-14T08:40:03.0,80.91877,67.46405,91.83417,84.80201,61.47573,60.56481,60.0,60.01,1.0,0.3887,3.87,0.1549,25.01,2.67e-06
2025-12-14T08:48:28.0,81.5076,67.70511,92.70959,85.61578,62.00581,60.61488,60.0,60.01,1.0,0.3887,3.87,0.1549,25.01,2.71e-06
2025-12-14T08:56:54.0,81.97141,67.87365,93.42518,86.18427,62.40558,60.65352,60.0,60.01,1.0,0.3887,3.87,0.1548,25.01,2.72e-06
2025-12-14T09:05:19.0,82.3833,68.03418,94.07185,86.80542,62.77336,60.7187,60.0,60.01,1.0,0.3886,3.87,0.1548,25.01,2.73e-06
2025-12-14T09:13:45.0,82.73106,68.1576,94.59731,87.24706,63.0348,60.72753,60.0,59.99,1.0,0.3887,3.87,0.1548,25.01,2.76e-06
2025-12-14T09:22:10.0,82.992,68.23759,94.99548,87.57834,63.24321,60.74113,60.0,60.01,1.0,0.3886,3.87,0.1548,25.01,2.75e-06
2025-12-14T09:30:36.0,83.23959,68.34228,95.27208,87.68789,63.43111,60.77569,60.0,60.01,1.0,0.3887,3.87,0.1548,25.01,2.77e-06
2025-12-14T09:39:01.0,83.42254,68.39759,95.62995,88.08138,63.58866,60.80984,60.0,60.01,1.0,0.3886,3.87,0.1548,25.01,2.76e-06
2025-12-14T09:47:27.0,83.58692,68.45574,95.8067,88.09778,63.6681,60.78432,60.0,59.99,1.0,0.3886,3.87,0.1548,25.01,2.67e-06
2025-12-14T09:55:52.0,83.7033,68.4812,96.04454,88.34702,63.76612,60.79432,60.0,60.01,1.0,0.3886,3.87,0.1548,25.01,2.68e-06
2025-12-14T10:04:17.0,83.81514,68.52295,96.17242,88.42519,63.85656,60.81748,60.0,59.99,1.0,0.3886,3.87,0.1548,25.01,2.73e-06
2025-12-14T10:12:43.0,83.90058,68.55094,96.32114,88.53654,63.92682,60.8239,60.0,59.99,1.0,0.3886,3.87,0.1548,25.01,2.68e-06
2025-12-14T10:21:08.0,83.97991,68.58874,96.47982,88.78406,63.97412,60.83774,60.0,60.01,1.0,0.3886,3.87,0.1548,25.01,2.67e-06
2025-12-14T10:29:33.0,84.04484,68.60907,96.55368,88.78036,64.02003,60.83744,60.0,60.01,1.0,0.3886,3.87,0.1548,25.01,2.7e-06
2025-12-14T10:37:59.0,84.09017,68.61085,96.58299,88.73648,64.0547,60.84163,60.0,59.99,1.0,0.3887,3.87,0.1548,25.01,2.67e-06
2025-12-14T10:46:24.0,84.13427,68.63877,96.66724,88.83822,64.07314,60.8468,60.0,60.01,1.0,0.3887,3.87,0.1548,25.01,2.73e-06
2025-12-14T10:54:50.0,84.17578,68.64838,96.75799,88.97254,64.09717,60.85187,60.0,60.01,1.0,0.3886,3.87,0.1548,25.01,2.65e-06
2025-12-14T11:03:15.0,84.21345,68.66918,96.79091,88.99102,64.12539,60.85764,60.0,60.01,1.0,0.3886,3.87,0.1548,25.01,2.68e-06
2025-12-14T11:11:41.0,84.21762,68.6575,96.81553,88.99827,64.12461,60.85342,60.0,59.99,1.0,0.3886,3.87,0.1548,25.01,2.65e-06
2025-12-14T11:20:06.0,84.22326,68.66075,96.79042,88.91018,64.11978,60.8415,60.0,59.99,1.0,0.3886,3.87,0.1548,25.01,2.64e-06
2025-12-14T11:28:32.0,84.24499,68.66933,96.87924,89.06478,64.15419,60.85926,60.0,59.99,1.0,0.3887,3.87,0.1548,25.01,2.73e-06
2025-12-14T11:36:57.0,84.25839,68.66648,96.86776,88.99849,64.1573,60.85956,60.0,59.99,1.0,0.3887,3.87,0.1548,25.01,2.63e-06
2025-12-14T11:45:23.0,84.28457,68.68781,96.92304,89.12124,64.17383,60.86839,60.0,60.01,1.0,0.3887,3.87,0.1548,25.01,2.68e-06
2025-12-14T11:53:48.0,84.28597,68.68152,96.91132,89.06189,64.16122,60.85533,60.0,60.01,1.0,0.3886,3.87,0.1548,25.01,2.72e-06
2025-12-14T12:02:13.0,84.28653,68.68848,96.92894,89.11322,64.17766,60.86721,60.0,60.01,1.0,0.3886,3.87,0.1548,25.01,2.61e-06
2025-12-14T12:10:39.0,84.29094,68.6799,96.9024,89.02441,64.16145,60.85526,60.0,60.01,1.0,0.3887,3.87,0.1548,25.01,2.61e-06
2025-12-14T12:19:04.0,84.30997,68.69004,96.92274,89.08857,64.17637,60.858,60.0,59.99,1.0,0.3887,3.87,0.1548,25.01,2.7e-06
2025-12-14T12:27:29.0,84.32848,68.69971,96.94809,89.13995,64.18722,60.86113,60.0,59.99,1.0,0.3886,3.87,0.1548,25.01,2.59e-06
2025-12-14T12:35:55.0,84.30535,68.6852,96.91616,89.05158,64.17518,60.85784,60.0,60.01,1.0,0.3887,3.87,0.1548,25.01,2.6e-06
2025-12-14T12:44:20.0,84.30854,68.68649,96.9598,89.12829,64.19083,60.86747,60.0,59.99,1.0,0.3887,3.87,0.1548,25.01,2.58e-06
2025-12-14T12:52:46.0,84.31367,68.68831,96.90522,88.972,64.17181,60.85641,60.0,60.01,1.0,0.3887,3.87,0.1548,25.01,2.7e-06
2025-12-14T13:01:12.0,84.31183,68.69428,96.90792,88.98897,64.18323,60.86464,60.0,60.01,1.0,0.3887,3.87,0.1548,25.01,2.59e-06
2025-12-14T13:09:37.0,84.32367,68.70038,96.92111,89.01086,64.16583,60.85032,60.0,59.99,1.0,0.3887,3.87,0.1548,25.01,2.57e-06
2025-12-14T13:18:03.0,84.33245,68.70715,96.92998,89.03985,64.19321,60.88021,60.0,60.01,1.0,0.3887,3.87,0.1548,25.01,2.59e-06
2025-12-14T13:26:28.0,84.33503,68.70518,96.94322,89.07236,64.19487,60.86899,60.0,59.99,1.0,0.3887,3.87,0.1548,25.01,2.59e-06
2025-12-14T13:34:53.0,84.33237,68.69668,96.93478,89.07418,64.20091,60.86724,60.0,60.01,1.0,0.3887,3.87,0.1548,25.01,2.56e-06
2025-12-14T13:43:19.0,84.33305,68.69941,96.9777,89.12706,64.2025,60.86527,60.0,59.99,1.0,0.3887,3.87,0.1548,25.01,2.56e-06
2025-12-14T13:51:44.0,84.34821,68.70656,96.93535,89.04147,64.20493,60.87022,60.0,59.99,1.0,0.3887,3.87,0.1548,25.01,2.55e-06
2025-12-14T14:00:09.0,84.33088,68.69479,96.93578,89.03363,64.18965,60.85445,60.0,60.01,1.0,0.3886,3.87,0.1548,25.01,2.54e-06
2025-12-14T14:08:35.0,84.33537,68.70114,96.96084,89.11045,64.20706,60.87194,60.0,59.99,1.0,0.3887,3.87,0.1548,25.01,2.54e-06
2025-12-14T14:17:00.0,84.34341,68.70488,96.94822,89.07675,64.20003,60.86308,60.0,60.01,1.0,0.3886,3.87,0.1548,25.01,2.62e-06
2025-12-14T14:25:26.0,84.33177,68.68198,96.93966,89.05041,64.17675,60.848,60.0,60.01,1.0,0.3887,3.87,0.1548,25.01,2.54e-06
2025-12-14T14:33:51.0,84.32735,68.69509,96.90937,88.98539,64.18538,60.85819,60.0,59.99,1.0,0.3887,3.87,0.1548,25.01,2.54e-06
2025-12-14T14:42:16.0,84.33566,68.69586,96.94832,89.05722,64.19709,60.86051,60.0,59.99,1.0,0.3887,3.87,0.1548,25.01,2.54e-06
2025-12-14T14:50:41.0,84.32614,68.69119,96.94489,89.07406,64.19519,60.86715,60.0,60.01,1.0,0.3887,3.87,0.1548,25.01,2.57e-06
2025-12-14T14:59:07.0,84.33215,68.69738,97.01134,89.20083,64.19403,60.85703,60.0,59.99,1.0,0.3887,3.87,0.1548,25.01,2.53e-06
2025-12-14T15:07:32.0,84.34785,68.70276,96.99047,89.16545,64.18392,60.84725,60.0,60.01,1.0,0.3887,3.87,0.1548,25.01,2.52e-06
2025-12-14T15:15:57.0,84.34131,68.7001,96.94783,89.07256,64.18108,60.85232,60.0,59.99,1.0,0.3887,3.87,0.1548,25.01,2.61e-06
2025-12-14T15:24:23.0,84.35034,68.70563,96.9382,89.03689,64.18778,60.85816,60.0,60.01,1.0,0.3887,3.87,0.1548,25.01,2.52e-06
2025-12-14T15:32:48.0,84.34187,68.70507,96.94566,89.08742,64.19075,60.86198,60.0,59.99,1.0,0.3887,3.87,0.1548,25.01,2.51e-06
2025-12-14T15:41:13.0,84.34784,68.71115,96.88638,88.9445,64.18398,60.87161,60.0,60.01,1.0,0.3887,3.87,0.1548,25.01,2.54e-06
2025-12-14T15:49:39.0,84.3367,68.69527,96.94676,89.07093,64.18435,60.85178,60.0,60.01,1.0,0.3887,3.87,0.1548,25.01,2.5e-06
2025-12-14T15:58:04.0,84.34199,68.70586,96.94401,89.07405,64.17639,60.84292,60.0,59.99,1.0,0.3887,3.87,0.1548,25.01,2.5e-06
2025-12-14T16:06:29.0,84.3404,68.69674,96.9513,89.06609,64.19965,60.85552,60.0,60.01,1.0,0.3887,3.87,0.1548,25.01,2.5e-06
2025-12-14T16:14:54.0,84.32681,68.68431,96.94113,89.05928,64.18341,60.84861,60.0,60.01,1.0,0.3887,3.87,0.1548,25.01,2.49e-06
2025-12-14T16:23:20.0,84.34454,68.69874,96.94594,89.08456,64.17794,60.84652,60.0,59.99,1.0,0.3887,3.87,0.1548,25.01,2.49e-06
2025-12-14T16:31:45.0,84.33787,68.70013,96.94399,89.06255,64.19429,60.86309,60.0,60.01,1.0,0.3887,3.87,0.1548,25.01,2.51e-06
2025-12-14T16:40:10.0,84.34845,68.70641,96.95524,89.10059,64.19645,60.86464,60.0,60.01,1.0,0.3887,3.87,0.1548,25.01,2.48e-06
2025-12-14T16:48:35.0,84.32491,68.6831,96.93004,89.03802,64.17249,60.85092,60.0,60.01,1.0,0.3887,3.87,0.1548,25.01,2.52e-06
2025-12-14T16:57:01.0,84.33635,68.6994,96.89829,88.97148,64.16878,60.84697,60.0,60.01,1.0,0.3887,3.87,0.1548,25.01,2.57e-06
2025-12-14T17:05:26.0,84.34704,68.70166,96.99134,89.1999,64.19083,60.86058,60.0,59.99,1.0,0.3887,3.87,0.1548,25.01,2.46e-06
2025-12-14T17:13:52.0,84.35177,68.70358,96.95798,89.10349,64.19108,60.86126,60.0,60.01,1.0,0.3887,3.87,0.1548,25.01,2.46e-06
2025-12-14T17:22:17.0,84.34768,68.71155,96.94876,89.08278,64.17452,60.85237,60.0,59.99,1.0,0.3887,3.87,0.1548,25.01,2.45e-06
2025-12-14T17:30:42.0,84.34688,68.70139,96.96303,89.11723,64.18265,60.85669,60.0,60.01,1.0,0.3887,3.87,0.1548,25.01,2.47e-06
2025-12-14T17:39:07.0,84.35205,68.70565,96.96562,89.11652,64.18048,60.86409,60.0,60.01,1.0,0.3887,3.87,0.1548,25.01,2.45e-06
2025-12-14T17:47:33.0,84.34362,68.70356,96.93122,89.04682,64.18812,60.86486,60.0,59.99,1.0,0.3887,3.87,0.1548,25.01,2.44e-06
2025-12-14T17:55:58.0,84.33567,68.69242,96.92486,89.02378,64.17537,60.85987,60.0,59.99,1.0,0.3887,3.87,0.1548,25.01,2.45e-06
2025-12-14T18:04:23.0,84.34261,68.69729,96.91124,89.00727,64.19492,60.86901,60.0,60.01,1.0,0.3887,3.87,0.1548,25.01,2.43e-06
2025-12-14T18:12:49.0,84.35126,68.70213,97.02944,89.24434,64.19412,60.85966,60.0,60.01,1.0,0.3887,3.87,0.1548,25.01,2.43e-06
2025-12-14T18:21:14.0,84.34838,68.70159,96.95373,89.04784,64.18207,60.85313,60.0,59.99,1.0,0.3888,3.87,0.1548,25.01,2.43e-06
2025-12-14T18:29:39.0,84.3355,68.69171,96.96178,89.11097,64.18654,60.85791,60.0,60.01,1.0,0.3887,3.87,0.1548,25.01,2.42e-06
2025-12-14T18:38:05.0,84.33489,68.69163,96.98027,89.10247,64.18384,60.85114,60.0,59.99,1.0,0.3887,3.87,0.1548,25.01,2.42e-06
2025-12-14T18:46:30.0,84.34028,68.70236,96.92496,89.02487,64.17943,60.8687,60.0,60.01,1.0,0.3887,3.87,0.1548,25.01,2.41e-06
2025-12-14T18:54:56.0,84.33174,68.71002,96.98231,89.15088,64.20696,60.89683,60.0,59.99,1.0,0.3887,3.87,0.1548,25.01,2.41e-06
2025-12-14T19:03:21.0,84.36062,68.72643,96.97726,89.18474,64.23449,60.90988,60.0,59.99,1.0,0.3887,3.87,0.1548,25.01,2.41e-06
2025-12-14T19:11:47.0,84.36225,68.72827,97.0199,89.25483,64.22341,60.90005,60.0,59.99,1.0,0.3887,3.87,0.1548,25.01,2.42e-06
2025-12-14T19:20:12.0,84.33409,68.70216,97.02736,89.22233,64.24171,60.90157,60.0,60.01,1.0,0.3888,3.87,0.1548,25.01,2.4e-06
2025-12-14T19:28:38.0,84.3465,68.70531,96.99134,89.14613,64.22026,60.88388,60.0,59.99,1.0,0.3888,3.87,0.1548,25.01,2.4e-06
2025-12-14T19:37:03.0,84.33189,68.69825,96.91277,88.96741,64.15891,60.86477,60.0,60.01,1.0,0.3887,3.87,0.1548,25.01,2.56e-06
2025-12-14T19:45:29.0,84.35043,68.71192,96.96081,89.0877,64.20366,60.87295,60.0,59.99,1.0,0.3887,3.87,0.1548,25.01,2.39e-06
2025-12-14T19:53:54.0,84.35147,68.69771,96.93141,88.99123,64.18852,60.86313,60.0,59.99,1.0,0.3888,3.87,0.1548,25.01,2.39e-06
2025-12-14T20:02:20.0,84.33963,68.69795,96.89536,88.96113,64.2057,60.87502,60.0,60.01,1.0,0.3887,3.87,0.1548,25.01,2.38e-06
2025-12-14T20:10:45.0,84.34583,68.70265,96.9087,88.95965,64.18633,60.86495,60.0,59.99,1.0,0.3887,3.87,0.1548,25.01,2.39e-06
2025-12-14T20:19:11.0,84.35042,68.70799,96.95604,89.09097,64.19997,60.88225,60.0,60.01,1.0,0.3887,3.87,0.1548,25.01,2.36e-06
2025-12-14T20:27:37.0,84.36543,68.72456,96.96733,89.11303,64.20214,60.87803,60.0,59.99,1.0,0.3888,3.87,0.1548,25.01,2.36e-06
2025-12-14T20:36:02.0,84.34972,68.70113,96.91795,88.99091,64.19587,60.86984,60.0,59.99,1.0,0.3888,3.87,0.1548,25.01,2.36e-06
2025-12-14T20:44:28.0,84.34862,68.70743,96.9216,89.01017,64.19428,60.85924,60.0,59.99,1.0,0.3888,3.87,0.1548,25.01,2.35e-06
2025-12-14T20:52:53.0,84.35458,68.71131,96.93111,89.03329,64.19491,60.88193,60.0,60.01,1.0,0.3887,3.87,0.1548,25.01,2.35e-06
2025-12-14T21:01:19.0,84.37389,68.71958,96.99073,89.14316,64.21243,60.87422,60.0,59.99,1.0,0.3887,3.87,0.1548,25.01,2.34e-06
2025-12-14T21:09:44.0,84.34716,68.70633,96.97798,89.0962,64.19944,60.86934,60.0,59.99,1.0,0.3888,3.87,0.1548,25.01,2.34e-06
2025-12-14T21:18:10.0,84.35519,68.71586,96.93231,89.03214,64.20057,60.87283,60.0,59.99,1.0,0.3888,3.87,0.1548,25.01,2.43e-06
2025-12-14T21:26:36.0,84.345,68.70156,96.94709,89.04802,64.20023,60.87436,60.0,59.99,1.0,0.3887,3.87,0.1548,25.01,2.43e-06
2025-12-14T21:35:01.0,84.34092,68.69282,96.9065,88.97308,64.19996,60.87519,60.0,60.01,1.0,0.3887,3.87,0.1548,25.01,2.33e-06
2025-12-14T21:43:26.0,84.35772,68.71207,96.94774,89.07739,64.17961,60.86227,60.0,59.99,1.0,0.3888,3.87,0.1548,25.01,2.43e-06
2025-12-14T21:51:52.0,84.35586,68.71042,96.91862,89.00961,64.19041,60.87898,60.0,60.01,1.0,0.3888,3.87,0.1548,25.01,2.32e-06
2025-12-14T22:00:17.0,84.35538,68.71325,96.89981,88.95202,64.18725,60.86629,60.0,60.01,1.0,0.3888,3.87,0.1548,25.01,2.3e-06
2025-12-14T22:08:43.0,84.34229,68.69149,96.99606,89.13655,64.17788,60.8495,60.0,59.99,1.0,0.3888,3.87,0.1548,25.01,2.3e-06
2025-12-14T22:17:08.0,84.35285,68.71406,96.92009,88.9813,64.18551,60.86672,60.0,60.01,1.0,0.3888,3.87,0.1548,25.01,2.32e-06
2025-12-14T22:25:33.0,84.34004,68.70472,96.93085,89.02774,64.19692,60.8744,60.0,60.01,1.0,0.3888,3.87,0.1548,25.01,2.29e-06
2025-12-14T22:33:59.0,84.35438,68.70507,96.95531,89.06699,64.17807,60.85804,60.0,60.01,1.0,0.3888,3.87,0.1548,25.01,2.42e-06
2025-12-14T22:42:24.0,84.35822,68.70772,96.96934,89.07853,64.21022,60.88674,60.0,60.01,1.0,0.3888,3.87,0.1548,25.01,2.29e-06
2025-12-14T22:50:50.0,84.3735,68.71226,97.02392,89.24701,64.22528,60.88577,60.0,60.01,1.0,0.3888,3.87,0.1548,25.01,2.29e-06
2025-12-14T22:59:15.0,84.36143,68.71702,96.969,89.08981,64.18769,60.86795,60.0,59.99,1.0,0.3888,3.87,0.1548,25.01,2.28e-06
2025-12-14T23:07:40.0,84.36223,68.71778,96.87319,88.87704,64.18479,60.87351,60.0,60.01,1.0,0.3888,3.87,0.1548,25.01,2.28e-06
2025-12-14T23:16:06.0,84.36472,68.71043,96.99035,89.14714,64.20067,60.86821,60.0,60.01,1.0,0.3888,3.87,0.1548,25.01,2.28e-06
2025-12-14T23:24:32.0,84.35427,68.70439,96.89026,88.94017,64.18825,60.86968,60.0,60.01,1.0,0.3888,3.87,0.1548,25.01,2.27e-06
2025-12-14T23:32:57.0,84.35977,68.71854,96.92038,88.99822,64.19179,60.86241,60.0,59.99,1.0,0.3888,3.87,0.1548,25.01,2.27e-06
2025-12-14T23:41:22.0,84.33825,68.6986,96.93221,89.01429,64.1865,60.86889,60.0,60.01,1.0,0.3888,3.87,0.1548,25.01,2.26e-06
2025-12-14T23:49:48.0,84.35838,68.70898,96.96433,89.0885,64.20578,60.87976,60.0,59.99,1.0,0.3888,3.87,0.1548,25.01,2.26e-06
2025-12-14T23:58:13.0,84.35292,68.71443,97.03564,89.21839,64.19387,60.87259,60.0,59.99,1.0,0.3888,3.87,0.1548,25.01,2.25e-06
2025-12-15T00:06:39.0,84.37611,68.72899,96.9497,89.04329,64.20252,60.87619,60.0,59.99,1.0,0.3888,3.87,0.1548,25.01,2.25e-06
2025-12-15T00:15:04.0,84.36709,68.72548,96.95659,89.07635,64.19096,60.8694,60.0,59.98,1.0,0.3888,3.87,0.1548,25.01,2.24e-06
2025-12-15T00:23:29.0,84.34992,68.70246,96.94241,89.03888,64.1872,60.86638,60.0,60.01,1.0,0.3888,3.87,0.1548,25.01,2.31e-06
2025-12-15T00:31:55.0,84.37943,68.72493,97.03045,89.20801,64.23506,60.89108,60.0,59.99,1.0,0.3887,3.87,0.1548,25.01,2.24e-06
2025-12-15T00:40:20.0,84.3569,68.71371,96.94576,89.03994,64.17657,60.86276,60.0,60.01,1.0,0.3888,3.87,0.1548,25.01,2.24e-06
2025-12-15T00:48:45.0,84.35463,68.7065,96.91575,89.00781,64.20768,60.87268,60.0,60.01,1.0,0.3888,3.87,0.1548,25.01,2.23e-06
2025-12-15T00:57:10.0,84.35418,68.69727,96.9032,88.95657,64.19347,60.87115,60.0,59.99,1.0,0.3888,3.87,0.1548,25.01,2.26e-06
2025-12-15T01:05:36.0,83.64812,67.62373,96.98217,89.16639,63.71375,57.31034,20.0,52.61,1.0,0.3889,3.87,0.1548,25.01,2.14e-06
2025-12-15T01:14:01.0,81.96015,64.0252,96.52211,87.84166,61.97076,50.13156,20.0,43.96,1.0,0.3889,3.87,0.1548,25.01,1.97e-06
2025-12-15T01:22:27.0,79.596,59.26976,95.64026,86.19959,59.17897,42.66263,20.0,34.77,1.0,0.3891,3.87,0.1549,25.01,1.66e-06
2025-12-15T01:30:52.0,76.76534,53.91488,94.09218,83.86348,55.36227,34.25579,20.0,26.32,1.0,0.3893,3.87,0.155,25.01,1.49e-06
2025-12-15T01:39:18.0,73.70401,48.27718,92.13947,81.25012,50.74977,26.78325,20.0,19.7,1.0,0.3896,3.87,0.1552,25.01,1.37e-06
2025-12-15T01:47:43.0,71.1877,44.13568,90.00342,78.94627,46.43406,23.79961,20.0,19.82,1.0,0.3898,3.87,0.1553,25.01,1.32e-06
2025-12-15T01:56:09.0,68.98804,41.43723,87.79351,76.92774,42.4884,22.51603,20.0,19.94,1.0,0.39,3.87,0.1554,25.01,1.26e-06
2025-12-15T02:04:34.0,67.06854,39.54808,85.56133,74.87058,39.08493,21.91791,20.0,20.01,1.0,0.3901,3.87,0.1555,25.01,1.21e-06
2025-12-15T02:12:59.0,65.44983,38.21511,83.56502,73.16243,36.24913,21.64577,20.0,20.02,1.0,0.3902,3.87,0.1556,25.01,1.16e-06
2025-12-15T02:21:25.0,63.98654,37.18341,81.67961,71.45664,33.97439,21.42523,20.0,19.97,1.0,0.3903,3.87,0.1556,25.01,1.11e-06
2025-12-15T02:29:50.0,62.76403,36.40929,80.08394,70.11922,32.14892,21.35751,20.0,19.99,1.0,0.3904,3.87,0.1557,25.01,1.05e-06
2025-12-15T02:38:15.0,61.68515,35.77076,78.63326,68.85035,30.68585,21.24494,20.0,20.04,1.0,0.3904,3.87,0.1557,25.01,9.91e-07
2025-12-15T02:46:41.0,60.7611,35.28343,77.39896,67.83698,29.47185,21.14536,20.0,20.05,1.0,0.3905,3.87,0.1557,25.01,9.64e-07
2025-12-15T02:55:06.0,59.93495,34.86256,76.2933,66.8468,28.51481,21.07645,20.0,20.05,1.0,0.3905,3.87,0.1558,25.01,9.42e-07
2025-12-15T03:03:32.0,59.26857,34.55222,75.33963,66.03753,27.83593,21.04639,20.0,19.97,1.0,0.3905,3.87,0.1558,25.01,9.15e-07
2025-12-15T03:11:57.0,58.74151,34.34649,74.52893,65.28437,27.25778,20.97068,20.0,19.92,1.0,0.3906,3.87,0.1558,25.01,9.01e-07
2025-12-15T03:20:23.0,58.20567,34.11197,73.90648,64.89882,26.77556,21.0014,20.0,20.04,1.0,0.3906,3.87,0.1558,25.01,8.86e-07
2025-12-15T03:28:48.0,57.82913,33.976,73.28725,64.33062,26.37864,20.94547,20.0,20.0,1.0,0.3906,3.87,0.1559,25.01,8.72e-07
2025-12-15T03:37:14.0,57.49335,33.85962,72.6866,63.60957,26.09356,20.94332,20.0,20.02,1.0,0.3907,3.87,0.1559,25.01,8.57e-07
2025-12-15T03:45:39.0,57.1784,33.73031,72.33869,63.48882,25.88282,20.93959,20.0,20.0,1.0,0.3907,3.87,0.1559,25.01,8.48e-07
2025-12-15T03:54:05.0,56.9337,33.6467,71.92497,63.08018,25.66757,20.86072,20.0,19.92,1.0,0.3907,3.87,0.1559,25.01,8.39e-07
2025-12-15T04:02:30.0,56.71655,33.57797,71.63204,62.88253,25.50047,20.86076,20.0,19.99,1.0,0.3907,3.87,0.1559,25.01,8.28e-07
2025-12-15T04:10:55.0,56.52514,33.51272,71.40921,62.73633,25.40385,20.86646,20.0,19.96,1.0,0.3907,3.87,0.1559,25.01,8.19e-07
2025-12-15T04:19:20.0,56.35873,33.44687,71.13187,62.41821,25.25013,20.81919,20.0,19.99,1.0,0.3907,3.87,0.1559,25.01,8.13e-07
2025-12-15T04:27:45.0,56.28686,33.45181,70.97622,62.36362,25.22227,20.84871,20.0,20.04,1.0,0.3907,3.87,0.1559,25.01,8.04e-07
2025-12-15T04:36:11.0,56.12243,33.38329,70.78816,62.08856,25.09079,20.78038,20.0,19.96,1.0,0.3907,3.87,0.1559,25.01,8.02e-07
2025-12-15T04:44:36.0,56.05192,33.36872,70.66104,62.01687,25.09274,20.83034,20.0,20.02,1.0,0.3907,3.87,0.1559,25.01,7.96e-07
2025-12-15T04:53:01.0,55.96383,33.33674,70.59431,61.98698,25.02071,20.81679,20.0,20.0,1.0,0.3907,3.87,0.1559,25.01,7.9e-07
2025-12-15T05:01:27.0,55.88135,33.30564,70.57376,62.0584,24.98611,20.80049,20.0,20.02,1.0,0.3907,3.87,0.1559,25.01,7.81e-07
2025-12-15T05:09:52.0,55.8125,33.2781,70.38799,61.77259,24.91674,20.78812,20.0,20.01,1.0,0.3907,3.87,0.1559,25.01,7.78e-07
2025-12-15T05:18:17.0,55.59682,33.12186,70.32287,61.82466,24.71569,20.64281,20.0,19.97,1.0,0.3907,3.87,0.1559,25.01,7.72e-07
2025-12-15T05:26:43.0,55.76622,33.27555,70.26429,61.68526,24.94053,20.80705,20.0,19.98,1.0,0.3907,3.87,0.1559,25.01,7.68e-07
2025-12-15T05:35:08.0,55.64798,33.201,70.25613,61.80989,24.82606,20.73324,20.0,19.97,1.0,0.3908,3.87,0.1559,25.01,7.63e-07
2025-12-15T05:43:34.0,55.68088,33.24844,70.21862,61.72204,24.86243,20.79368,20.0,20.0,1.0,0.3907,3.87,0.1559,25.01,7.6e-07
2025-12-15T05:51:59.0,55.70566,33.25986,70.21886,61.81157,24.92598,20.81754,20.0,19.99,1.0,0.3908,3.87,0.1559,25.01,7.53e-07
2025-12-15T06:00:25.0,55.6172,33.20626,70.14207,61.65575,24.81041,20.73684,20.0,19.99,1.0,0.3907,3.87,0.1559,25.01,7.52e-07
2025-12-15T06:08:50.0,55.64729,33.23251,70.12289,61.67823,24.92263,20.84092,20.0,20.0,1.0,0.3907,3.87,0.1559,25.01,7.5e-07
2025-12-15T06:17:16.0,55.64501,33.24561,70.13225,61.70421,24.91851,20.84583,20.0,20.01,1.0,0.3907,3.87,0.1559,25.01,7.45e-07
2025-12-15T06:25:41.0,55.61904,33.22675,70.07816,61.63106,24.83665,20.76258,20.0,19.97,1.0,0.3907,3.87,0.1559,25.01,7.43e-07
2025-12-15T06:34:07.0,55.61414,33.23502,69.9713,61.36704,24.88803,20.81997,20.0,19.99,1.0,0.3907,3.87,0.1559,25.01,7.38e-07
2025-12-15T06:42:32.0,55.63444,33.24206,70.10841,61.73198,24.90622,20.81497,20.0,19.99,1.0,0.3907,3.87,0.1559,25.01,7.36e-07
2025-12-15T06:50:58.0,55.61203,33.24427,70.0742,61.65542,24.88844,20.82287,20.0,19.98,1.0,0.3908,3.87,0.1559,25.01,7.29e-07
2025-12-15T06:59:23.0,55.539,33.17684,70.03745,61.63597,24.78408,20.7736,20.0,20.01,1.0,0.3907,3.87,0.1559,25.01,7.32e-07
2025-12-15T07:07:49.0,55.53659,33.17295,70.08611,61.693,24.74493,20.71117,20.0,20.02,1.0,0.3907,3.87,0.1559,25.01,7.28e-07
2025-12-15T07:16:14.0,55.53113,33.17638,69.97028,61.39008,24.76871,20.72932,20.0,19.96,1.0,0.3908,3.87,0.1559,25.01,7.26e-07
2025-12-15T07:24:40.0,55.59642,33.22386,70.05231,61.63996,24.86716,20.82924,20.0,20.04,1.0,0.3908,3.87,0.1559,25.01,7.14e-07
2025-12-15T07:33:06.0,55.64633,33.26031,70.13138,61.82103,24.91473,20.82351,20.0,20.0,1.0,0.3907,3.87,0.1559,25.01,7.16e-07
2025-12-15T07:41:31.0,55.64449,33.27447,70.05867,61.65109,24.87029,20.80799,20.0,20.01,1.0,0.3908,3.87,0.1559,25.01,7.14e-07
2025-12-15T07:49:57.0,55.58665,33.21984,70.06097,61.72912,24.89548,20.82125,20.0,19.99,1.0,0.3907,3.87,0.1559,25.01,7.09e-07
2025-12-15T07:58:22.0,55.59983,33.24,69.9995,61.50132,24.86537,20.76586,20.0,19.97,1.0,0.3907,3.87,0.1559,25.01,7.08e-07
2025-12-15T08:06:48.0,55.56685,33.2354,69.94545,61.44265,24.84602,20.78566,20.0,19.97,1.0,0.3908,3.87,0.1559,25.01,7.05e-07
2025-12-15T08:15:13.0,55.57922,33.2294,70.00817,61.5492,24.87481,20.82856,20.0,20.01,1.0,0.3908,3.87,0.1559,25.01,7.04e-07
2025-12-15T08:23:39.0,55.59124,33.24667,69.97777,61.50015,24.87699,20.82995,20.0,20.01,1.0,0.3907,3.87,0.1559,25.01,7.01e-07
2025-12-15T08:32:04.0,55.58483,33.23795,70.07156,61.69053,24.86852,20.81175,20.0,20.04,1.0,0.3907,3.87,0.1559,25.01,6.98e-07
2025-12-15T08:40:30.0,55.54274,33.21917,70.01859,61.55161,24.82757,20.77899,20.0,19.99,1.0,0.3908,3.87,0.1559,25.01,6.98e-07
2025-12-15T08:48:55.0,55.60068,33.25639,70.10412,61.77371,24.86589,20.80053,20.0,19.99,1.0,0.3907,3.87,0.1559,25.01,6.9e-07
2025-12-15T08:57:21.0,55.58756,33.23791,70.04248,61.64863,24.89372,20.82576,20.0,20.0,1.0,0.3908,3.87,0.1559,25.01,6.92e-07
2025-12-15T09:05:46.0,53.27504,27.94508,67.58368,58.24095,24.1667,20.78742,20.0,20.0,1.0,0.0,0.0,0.0,0.0,6.43e-07
2025-12-15T09:14:11.0,48.87193,25.5472,61.41154,52.64012,23.46547,20.67816,20.0,20.02,1.0,0.0,0.0,0.0,0.0,6.29e-07
2025-12-15T09:22:37.0,45.04499,24.63667,55.88523,48.57614,23.15943,20.70986,20.0,20.01,1.0,0.0,0.0,0.0,0.0,6.33e-07
2025-12-15T09:31:02.0,41.6965,24.00832,51.00232,44.82051,22.81731,20.67935,20.0,19.98,1.0,0.0,0.0,0.0,0.0,6.33e-07
2025-12-15T09:39:27.0,38.86175,23.53178,46.77987,41.37436,22.50339,20.6458,20.0,20.0,1.0,0.0,0.0,0.0,0.0,6.29e-07
2025-12-15T09:47:52.0,36.24801,22.95188,43.36117,38.8592,22.00429,20.49527,20.0,20.0,1.0,0.0,0.0,0.0,0.0,6.77e-07
2025-12-15T09:56:17.0,34.23729,22.67999,40.2677,36.25775,22.02362,20.64824,20.0,20.0,1.0,0.0,0.0,0.0,0.0,9.12e-07
2025-12-15T10:04:43.0,32.24791,22.25391,37.75602,34.36101,21.67212,20.535,20.0,19.98,1.0,0.0,0.0,0.0,0.0,3.76e-06
2025-12-15T10:13:08.0,30.80666,22.05281,35.41273,32.41225,21.59858,20.54734,20.0,19.99,1.0,0.0,0.0,0.0,0.0,2.17e-05
2025-12-15T10:21:33.0,29.43182,21.92114,33.46901,30.77588,21.58461,20.64244,20.0,20.0,1.0,0.0,0.0,0.0,0.0,0.000371
2025-12-15T10:29:59.0,28.55848,22.41147,31.49083,29.36854,21.60069,20.62253,20.0,19.97,1.0,0.0,0.0,0.0,0.0,0.0263
