Time_seconds,Date,Temp1,Temp2,Temp3,Temp4,Temp5,Temp6,TempSet,TempChamber,CS,PSUC1I,PSUC1U,PSUC2I,PSUC2U,Pressure
0,2025-12-11T15:31:29.0,21.82636,21.59572,22.04921,21.70802,20.88364,21.15356,0.0,20.25,0.0,0.0,0.0,0.0,0.0,993.0
1728,2025-12-11T16:00:27.0,36.23132,40.55858,35.79797,38.04776,26.93374,38.87068,80.0,46.63,1.0,0.3828,3.87,0.1568,25.01,0.000106
3456,2025-12-11T16:29:37.0,58.98763,62.0881,58.10499,59.44926,43.85418,65.86585,80.0,75.9,1.0,0.3832,3.87,0.1559,25.01,0.000108
5184,2025-12-11T16:58:46.0,77.45402,77.55073,79.02727,78.76392,63.33139,78.06646,80.0,80.1,1.0,0.3835,3.87,0.1552,25.01,0.000129
6912,2025-12-11T17:27:55.0,87.54115,82.61721,93.14756,90.74243,73.79414,79.65991,80.0,80.03,1.0,0.383,3.87,0.1549,25.01,9.43e-05
8640,2025-12-11T17:57:03.0,93.01804,84.92749,101.3539,96.62451,78.8299,80.27001,80.0,80.01,1.0,0.3824,3.87,0.1546,25.01,5.19e-05
10368,2025-12-11T18:26:02.0,95.8645,85.99895,105.8387,99.95913,81.24132,80.58147,80.0,80.01,1.0,0.3821,3.87,0.1545,25.01,4.24e-05
12096,2025-12-11T18:55:10.0,97.40506,86.50406,108.1895,101.7036,82.35855,80.69352,80.0,80.0,1.0,0.3819,3.87,0.1545,25.01,3.5e-05
13824,2025-12-11T19:24:19.0,98.22675,86.76087,109.5045,102.8213,82.89118,80.74357,80.0,80.0,1.0,0.3817,3.87,0.1545,25.01,3.11e-05
15552,2025-12-11T19:53:28.0,98.65917,86.85941,110.1029,103.3094,83.10358,80.76662,80.0,80.0,1.0,0.3814,3.87,0.1545,25.01,2.91e-05
17280,2025-12-11T20:22:37.0,98.97667,86.98089,110.348,103.3276,83.23889,80.79484,80.0,80.01,1.0,0.3813,3.87,0.1544,25.01,2.49e-05
19008,2025-12-11T20:51:36.0,99.12937,86.72182,110.6291,103.6588,83.35181,80.84524,80.0,80.0,1.0,0.3814,3.87,0.1544,25.01,2.27e-05
20736,2025-12-11T21:20:44.0,99.22029,86.72751,110.7316,103.7118,83.38442,80.85832,80.0,80.0,1.0,0.3815,3.87,0.1544,25.01,2.07e-05
22464,2025-12-11T21:49:53.0,99.36175,86.76893,110.9088,103.9857,83.40246,80.84949,80.0,79.99,1.0,0.3823,3.87,0.1544,25.01,1.93e-05
24192,2025-12-11T22:19:02.0,99.36865,86.76612,110.9,103.7916,83.41633,80.86936,80.0,80.0,1.0,0.3825,3.87,0.1544,25.01,1.8e-05
25920,2025-12-11T22:48:10.0,99.48769,86.77776,111.0097,103.9914,83.46728,80.88463,80.0,80.01,1.0,0.3826,3.87,0.1544,25.01,1.7e-05
27648,2025-12-11T23:17:09.0,99.54829,86.81745,111.0703,104.0043,83.48493,80.90518,80.0,80.0,1.0,0.3826,3.87,0.1544,25.01,1.6e-05
29376,2025-12-11T23:46:18.0,99.59267,86.83011,111.1238,104.0814,83.4966,80.91428,80.0,80.0,1.0,0.3826,3.87,0.1544,25.01,1.52e-05
31104,2025-12-12T00:15:27.0,99.6262,86.86947,111.1484,104.0926,83.53781,80.91808,80.0,80.0,1.0,0.3825,3.87,0.1544,25.01,1.45e-05
32832,2025-12-12T00:44:35.0,99.62609,86.84067,111.1445,104.1319,83.51007,80.91229,80.0,80.0,1.0,0.3825,3.87,0.1544,25.01,1.39e-05
34560,2025-12-12T01:13:44.0,99.6533,86.86087,111.1812,104.096,83.51031,80.90238,80.0,80.0,1.0,0.3825,3.87,0.1544,25.01,1.33e-05
36288,2025-12-12T01:42:43.0,99.63556,86.84,111.1869,104.1478,83.51702,80.89436,80.0,80.0,1.0,0.3824,3.87,0.1544,25.01,1.28e-05
38016,2025-12-12T02:11:51.0,99.69096,86.87555,111.1943,104.0966,83.49279,80.89807,80.0,80.02,1.0,0.3824,3.87,0.1544,25.01,1.26e-05
39744,2025-12-12T02:41:00.0,98.90778,85.70213,111.2324,104.066,83.06841,77.56952,-20.0,72.73,1.0,0.3822,3.87,0.1544,25.01,1.18e-05
41472,2025-12-12T03:10:09.0,89.69449,68.51763,107.1155,96.8937,72.35786,50.80737,-20.0,42.76,1.0,0.3849,3.87,0.1547,25.01,7.27e-06
43200,2025-12-12T03:39:17.0,76.0042,46.86435,96.98859,84.79377,52.65526,22.24168,-20.0,13.32,1.0,0.3855,3.87,0.1553,25.01,4.79e-06
44928,2025-12-12T04:08:16.0,60.92121,24.13645,83.92275,70.70181,28.30048,-5.773269,-20.0,-14.49,1.0,0.3861,3.87,0.1559,25.01,3.23e-06
46656,2025-12-12T04:37:25.0,49.28594,9.458838,71.34147,58.72576,6.801776,-17.23628,-20.0,-20.46,1.0,0.3863,3.87,0.1564,25.01,2.2e-06
48384,2025-12-12T05:06:34.0,42.14134,4.709331,62.14814,50.79303,-4.447164,-17.51416,-20.0,-20.0,1.0,0.3868,3.87,0.1567,25.01,1.42e-06
50112,2025-12-12T05:35:42.0,37.7268,2.461334,56.213,45.68649,-9.602077,-17.75279,-20.0,-20.07,1.0,0.387,3.87,0.1569,25.01,1.53e-06
51840,2025-12-12T06:04:52.0,34.93451,1.23848,52.45946,42.33359,-11.97244,-18.06073,-20.0,-19.89,1.0,0.3872,3.87,0.157,25.01,1.17e-06
53568,2025-12-12T06:33:51.0,33.27015,0.5933407,50.1798,40.26984,-13.09814,-18.14209,-20.0,-19.89,1.0,0.3871,3.87,0.157,25.01,1.1e-06
55296,2025-12-12T07:03:00.0,32.18387,0.181086,48.87502,39.1319,-13.64561,-18.01053,-20.0,-20.08,1.0,0.3872,3.87,0.1571,25.01,1.07e-06
57024,2025-12-12T07:32:08.0,31.76876,0.03385574,48.18284,38.80707,-13.87698,-18.24506,-20.0,-20.15,1.0,0.3872,3.87,0.1571,25.01,1.04e-06
58752,2025-12-12T08:01:16.0,31.3837,-0.06547362,47.6855,38.23563,-14.00864,-18.02744,-20.0,-20.14,1.0,0.3872,3.87,0.1571,25.01,1.01e-06
60480,2025-12-12T08:30:24.0,31.19791,-0.1305976,47.45506,38.20165,-14.08991,-18.06325,-20.0,-19.8,1.0,0.3871,3.87,0.1571,25.01,9.88e-07
62208,2025-12-12T08:59:22.0,31.07083,-0.1825505,47.28216,38.00771,-14.13699,-18.1187,-20.0,-19.85,1.0,0.3872,3.87,0.1571,25.01,9.68e-07
63936,2025-12-12T09:28:31.0,31.02025,-0.186912,47.2254,38.03626,-14.14011,-18.12301,-20.0,-19.84,1.0,0.3872,3.87,0.1571,25.01,9.5e-07
65664,2025-12-12T09:57:39.0,30.96549,-0.2011555,47.14323,37.88905,-14.15049,-17.94688,-20.0,-19.85,1.0,0.3872,3.87,0.1571,25.01,9.34e-07
67392,2025-12-12T10:26:48.0,30.89465,-0.2372472,47.02246,37.6481,-14.17948,-18.17045,-20.0,-20.26,1.0,0.3872,3.87,0.1571,25.01,9.22e-07
69120,2025-12-12T10:55:57.0,30.88059,-0.2548938,47.069,37.86605,-14.152,-18.0001,-20.0,-19.93,1.0,0.3873,3.87,0.1571,25.01,9.05e-07
70848,2025-12-12T11:24:55.0,30.77726,-0.3303928,47.10482,37.93406,-14.23133,-18.25467,-20.0,-19.86,1.0,0.3873,3.87,0.1571,25.01,8.98e-07
72576,2025-12-12T11:54:04.0,30.84719,-0.2663863,47.04537,37.87065,-14.15643,-18.0092,-20.0,-19.86,1.0,0.3872,3.87,0.1571,25.01,8.83e-07
74304,2025-12-12T12:23:13.0,30.8402,-0.2620297,47.11657,37.96827,-14.18156,-18.26593,-20.0,-19.99,1.0,0.3872,3.87,0.1571,25.01,8.62e-07
76032,2025-12-12T12:52:21.0,30.83746,-0.2650603,47.05469,37.82784,-14.2516,-18.21366,-20.0,-19.89,1.0,0.387,3.87,0.1571,25.01,8.63e-07
77760,2025-12-12T13:21:30.0,30.70159,-0.3673167,47.0763,37.97172,-14.41331,-18.25709,-20.0,-19.78,1.0,0.387,3.87,0.1571,25.01,8.57e-07
79488,2025-12-12T13:50:29.0,30.84039,-0.2623139,47.03364,37.83292,-14.14288,-17.96341,-20.0,-19.88,1.0,0.387,3.87,0.1571,25.01,8.44e-07
81216,2025-12-12T14:19:37.0,30.82077,-0.2738255,47.07845,37.93655,-14.14719,-18.07653,-20.0,-20.23,1.0,0.3869,3.87,0.1571,25.01,8.41e-07
82944,2025-12-12T14:48:46.0,34.8911,9.185039,48.48719,40.56756,-7.288553,1.430921,70.0,7.03,1.0,0.3862,3.87,0.157,25.01,9.2e-07
84672,2025-12-12T15:17:54.0,44.2861,29.0706,53.60461,47.97448,10.86469,28.35695,70.0,36.3,1.0,0.3858,3.87,0.1566,25.01,1.34e-06
86400,2025-12-12T15:47:03.0,58.79115,52.01715,63.95358,60.36296,33.48848,55.86264,70.0,65.5,1.0,0.386,3.87,0.156,25.01,2.64e-06
88128,2025-12-12T16:16:02.0,72.90525,67.97174,77.59627,73.85087,52.32469,68.36609,70.0,70.1,1.0,0.3871,3.87,0.1553,25.01,4.61e-06
89856,2025-12-12T16:45:11.0,81.47266,73.30556,88.846,83.95099,63.90097,69.89923,70.0,70.03,1.0,0.3869,3.87,0.155,25.01,5.81e-06
91584,2025-12-12T17:14:20.0,86.39327,75.66028,95.83179,89.90933,69.20881,70.4491,70.0,70.01,1.0,0.3867,3.87,0.1548,25.01,6.42e-06
93312,2025-12-12T17:43:28.0,89.0653,76.74396,99.84561,93.28196,71.67798,70.68542,70.0,70.0,1.0,0.3866,3.87,0.1547,25.01,6.65e-06
95040,2025-12-12T18:12:37.0,90.48797,77.26607,101.8901,94.75929,72.83787,70.79038,70.0,69.99,1.0,0.3866,3.87,0.1547,25.01,6.68e-06
96768,2025-12-12T18:41:36.0,91.19927,77.51411,103.1474,96.06156,73.39581,70.85838,70.0,70.0,1.0,0.3867,3.87,0.1546,25.01,6.6e-06
98496,2025-12-12T19:10:45.0,88.20131,71.109,102.8519,94.19638,70.52181,58.11736,0.0,50.35,1.0,0.3869,3.87,0.1547,25.01,5.27e-06
100224,2025-12-12T19:39:54.0,77.31677,51.63962,96.64427,85.42503,55.74069,29.32447,0.0,20.54,1.0,0.3873,3.87,0.1551,25.01,3.16e-06
101952,2025-12-12T20:09:03.0,64.1345,30.75153,85.81747,73.28963,34.37366,5.034302,0.0,-0.63,1.0,0.388,3.87,0.1557,25.01,2.08e-06
103680,2025-12-12T20:38:12.0,55.55815,22.6349,75.58491,64.08931,19.20094,2.198464,0.0,-0.18,1.0,0.3884,3.87,0.1561,25.01,1.52e-06
105408,2025-12-12T21:07:10.0,50.30375,19.48488,68.6202,58.13065,11.8242,1.780364,0.0,0.08,1.0,0.3888,3.87,0.1563,25.01,1.27e-06
107136,2025-12-12T21:36:20.0,47.04404,17.91075,64.27712,54.52199,8.286126,1.486981,0.0,-0.17,1.0,0.3889,3.87,0.1565,25.01,1.15e-06
108864,2025-12-12T22:05:28.0,45.12987,17.15299,61.55961,52.19048,6.77056,1.531107,0.0,0.07,1.0,0.389,3.87,0.1565,25.01,1.09e-06
110592,2025-12-12T22:34:38.0,44.02398,16.77556,60.11644,51.05951,6.064538,1.532004,0.0,0.02,1.0,0.3891,3.87,0.1566,25.01,1.04e-06
112320,2025-12-12T23:03:46.0,43.46037,16.63764,59.19277,50.26201,5.697684,1.959792,70.0,1.38,1.0,0.3891,3.87,0.1566,25.01,1.01e-06
114048,2025-12-12T23:32:44.0,48.76043,29.43772,60.5716,53.43278,14.34503,24.92128,70.0,32.23,1.0,0.3884,3.87,0.1564,25.01,1.2e-06
115776,2025-12-13T00:01:53.0,60.05446,50.10938,67.05506,62.07364,31.88769,52.15131,70.0,61.43,1.0,0.3878,3.87,0.1559,25.01,1.96e-06
117504,2025-12-13T00:31:02.0,73.3999,67.51163,78.73437,74.56934,52.01452,67.91976,70.0,70.14,1.0,0.3879,3.87,0.1552,25.01,3.66e-06
119232,2025-12-13T01:00:10.0,81.65187,73.14505,89.19379,84.00342,63.54665,69.76876,70.0,70.04,1.0,0.3876,3.87,0.1549,25.01,4.64e-06
120960,2025-12-13T01:29:20.0,86.46003,75.56467,95.89566,89.7301,69.00856,70.34151,70.0,70.01,1.0,0.3875,3.87,0.1547,25.01,5.19e-06
122688,2025-12-13T01:58:19.0,89.10658,76.70033,99.7308,92.87538,71.55405,70.6142,70.0,70.0,1.0,0.3874,3.87,0.1546,25.01,5.43e-06
124416,2025-12-13T02:27:27.0,90.52865,77.23313,101.8573,94.59906,72.74631,70.72847,70.0,70.0,1.0,0.3874,3.87,0.1546,25.01,5.5e-06
126144,2025-12-13T02:56:36.0,91.25563,77.49185,103.0112,95.58206,73.37449,70.81286,70.0,70.0,1.0,0.3873,3.87,0.1546,25.01,5.5e-06
127872,2025-12-13T03:25:46.0,89.20335,73.08756,103.1547,94.74767,71.53734,61.27386,30.0,53.75,1.0,0.3875,3.87,0.1546,25.01,4.62e-06
129600,2025-12-13T03:54:54.0,79.46479,54.91542,97.90113,87.00677,58.48224,35.68283,30.0,29.93,1.0,0.3881,3.87,0.155,25.01,2.74e-06
131328,2025-12-13T04:23:53.0,72.20128,46.89498,90.09611,79.727,46.23612,31.68942,30.0,29.98,1.0,0.3886,3.87,0.1553,25.01,2.1e-06
133056,2025-12-13T04:53:02.0,67.82357,44.12146,84.2961,74.68398,39.92684,31.14871,30.0,29.95,1.0,0.3889,3.87,0.1555,25.01,1.81e-06
134784,2025-12-13T05:22:11.0,65.32501,42.97953,80.77678,71.70018,37.10713,30.99079,30.0,30.0,1.0,0.389,3.87,0.1556,25.01,1.65e-06
136512,2025-12-13T05:51:19.0,63.93162,42.4331,78.68992,69.94635,35.84468,30.92175,30.0,30.01,1.0,0.3891,3.87,0.1557,25.01,1.55e-06
138240,2025-12-13T06:20:28.0,63.17405,42.18492,77.60772,69.13197,35.26403,30.88635,30.0,30.04,1.0,0.3891,3.87,0.1557,25.01,1.5e-06
139968,2025-12-13T06:49:27.0,62.7898,42.08665,76.96299,68.58368,35.00303,30.85304,30.0,30.02,1.0,0.3891,3.87,0.1557,25.01,1.45e-06
141696,2025-12-13T07:18:35.0,67.75464,52.89302,78.17956,71.52004,40.91154,50.84918,70.0,58.88,1.0,0.3885,3.87,0.1555,25.01,1.87e-06
143424,2025-12-13T07:47:45.0,77.53912,68.76971,84.90503,79.68323,55.46069,67.85281,70.0,70.15,1.0,0.3882,3.87,0.1551,25.01,3.32e-06
145152,2025-12-13T08:16:54.0,83.8606,73.82647,92.46249,86.5585,65.08192,69.81034,70.0,70.04,1.0,0.388,3.87,0.1548,25.01,4.12e-06
146880,2025-12-13T08:46:02.0,87.62783,75.92438,97.63881,91.11543,69.70639,70.37933,70.0,70.01,1.0,0.3879,3.87,0.1547,25.01,4.46e-06
148608,2025-12-13T09:15:01.0,89.70066,76.86943,100.6489,93.64261,71.87048,70.62954,70.0,70.0,1.0,0.3879,3.87,0.1546,25.01,4.66e-06
150336,2025-12-13T09:44:11.0,90.84871,77.33468,102.373,95.09346,72.93539,70.76584,70.0,70.01,1.0,0.3878,3.87,0.1545,25.01,4.73e-06
152064,2025-12-13T10:13:20.0,91.4396,77.55648,103.2472,95.77109,73.43806,70.82938,70.0,70.0,1.0,0.3878,3.87,0.1545,25.01,4.71e-06
153792,2025-12-13T10:42:29.0,89.95961,74.44569,103.4942,95.33125,72.25883,63.47861,-10.0,56.75,1.0,0.388,3.87,0.1545,25.01,4.14e-06
155520,2025-12-13T11:11:37.0,80.32921,56.2958,98.69464,87.88455,59.83407,36.12966,-10.0,28.35,1.0,0.3887,3.87,0.1549,25.01,2.38e-06
157248,2025-12-13T11:40:36.0,66.8667,34.61649,88.47447,76.0558,39.03983,7.784611,-10.0,-0.98,1.0,0.3897,3.87,0.1555,25.01,1.69e-06
158976,2025-12-13T12:09:45.0,54.95037,18.17772,76.64512,64.19542,17.67866,-6.86289,-10.0,-10.3,1.0,0.3901,3.87,0.1561,25.01,1.24e-06
160704,2025-12-13T12:38:54.0,47.81026,13.07916,67.5284,56.20182,5.937344,-7.780475,-10.0,-10.11,1.0,0.3906,3.87,0.1564,25.01,1.01e-06
162432,2025-12-13T13:08:02.0,43.42355,10.73389,61.59815,51.12745,0.4883146,-8.10594,-10.0,-9.89,1.0,0.3908,3.87,0.1565,25.01,8.73e-07
164160,2025-12-13T13:37:11.0,40.70349,9.507644,57.94011,47.99202,-2.033497,-8.282266,-10.0,-10.01,1.0,0.3909,3.87,0.1567,25.01,8.02e-07
165888,2025-12-13T14:06:10.0,39.14586,8.916504,55.79997,46.23315,-3.177602,-8.168564,-10.0,-9.93,1.0,0.391,3.87,0.1567,25.01,7.59e-07
167616,2025-12-13T14:35:18.0,38.18472,8.575773,54.52974,45.17992,-3.750427,-8.222828,-10.0,-10.0,1.0,0.3911,3.87,0.1567,25.01,7.5e-07
169344,2025-12-13T15:04:28.0,37.64068,8.355102,53.82555,44.71235,-4.051263,-8.378367,-10.0,-9.97,1.0,0.3911,3.87,0.1568,25.01,7.24e-07
171072,2025-12-13T15:33:37.0,37.3242,8.247169,53.40981,44.34262,-4.174459,-8.319548,-10.0,-9.87,1.0,0.3912,3.87,0.1568,25.01,7.1e-07
172800,2025-12-13T16:02:45.0,37.08317,8.146218,53.09234,43.99727,-4.306816,-8.342372,-10.0,-10.11,1.0,0.3912,3.87,0.1568,25.01,6.79e-07
